((((((((1591:7.936,1632:5.304)Inner126:0.053,(1308:5.459,1613:6.693)Inner111:2.901)Inner143:0.996,(((1162:3.189,1096:5.714)Inner114:0.046,((1370:3.48,1304:3.895)Inner51:0.042,1336:3.019)Inner81:0.593)Inner145:3.065,((2005:1.675,1010:2.944)Inner82:4.517,1509:4.885)Inner108:1.097)Inner134:0.937)Inner150:0.012,1447:7.055)Inner124:3.991,((((((((1845:1.356,(1774:0.024,1775:0.042)Inner5:2.524)Inner31:4.652,(1925:1.621,1993:0.136)Inner20:1.151)Inner74:0.891,1822:3.889)Inner54:3.081,((1534:0.025,1535:0.035)Inner19:3.228,2027:4.351)Inner113:1.684)Inner105:2.129,(((1696:0.628,1623:1.495)Inner22:1.064,(1431:2.609,1622:3.165)Inner27:0.062)Inner44:3.084,((1225:4.734,1870:1.944)Inner93:1.632,1954:3.455)Inner122:1.614)Inner127:1.236)Inner137:0.68,((1916:3.8,1721:3.063)Inner109:2.438,((1836:1.945,1020:3.18)Inner56:0.058,1938:1.862)Inner73:3.008)Inner132:1.884)Inner142:3.81,(((((1846:1.491,1923:3.828)Inner101:3.528,(1761:0.049,1738:0.014)Inner40:0.869)Inner133:1.679,1432:8.96)Inner152:1.454,((1777:4.126,(1569:0.039,1344:0.023)Inner36:2.895)Inner68:1.061,1757:1.723)Inner69:4.419)Inner138:0.076,1116:11.866)Inner160:3.487)Inner144:0.159,(((((1934:0.72,(1991:0.022,1990:0.018)Inner3:3.243)Inner75:2.362,((1876:1.694,((1848:0.015,1849:0.015)Inner7:1.616,1926:2.49)Inner80:0)Inner47:0.002,1927:3.42)Inner55:1.078)Inner92:3.926,((1656:4.636,((1277:0.006,1276:0.012)Inner2:1.014,(1682:0.257,1802:2.848)Inner16:0.037)Inner71:2.806)Inner110:5.141,((1628:0.712,(1716:0.446,((1912:0.087,1913:0.034)Inner9:1.817,1717:1.263)Inner21:0.075)Inner45:0.942)Inner48:0.828,1862:5.497)Inner125:2.107)Inner135:0.091)Inner151:0.062,1243:8.527)Inner163:3.13,((1687:2.203,(1679:1.859,(1676:1.207,1614:1.806)Inner78:2.964)Inner79:1.321)Inner46:0.678,1515:0.755)Inner102:11.11)Inner155:0.802)Inner171:0.066)Inner177:6.173,(((1517:7.451,1195:3.064)Inner178:5.794,1088:11.494)Inner185:3.088,(1643:11.6,(((((1452:2.272,1453:0.755)Inner28:6.024,((1412:3.402,1468:2.84)Inner59:0.652,(1335:0.056,1484:0.017)Inner18:3.161)Inner84:3.183)Inner148:1.366,(((1175:3.357,(1237:1.569,1210:3.117)Inner6:5.062)Inner60:2.826,(1380:4.32,1654:2.104)Inner85:1.935)Inner115:2.998,((1257:0.987,1323:2.055)Inner62:3.674,1090:7.715)Inner94:2.475)Inner141:4.933)Inner162:0.017,(((1199:1.066,2010:3.872)Inner30:5.736,(1086:0.451,1418:4.842)Inner41:2.893)Inner117:2.271,((1748:3.75,1671:0.454)Inner39:1.047,1268:3.455)Inner49:2.904)Inner146:3.947)Inner180:1.005,(((1555:6.735,(1816:3.956,1856:4.101)Inner116:3.565)Inner140:1.828,((1577:0.048,1576:1.687)Inner17:3.528,1873:5.13)Inner112:2.104)Inner147:1.785,(((((((((1637:0.028,1636:0.045)Inner12:3.686,1701:0.491)Inner50:1.703,(1402:2.103,1471:2.374)Inner57:0.545)Inner76:0.962,1229:1.985)Inner61:0.165,1861:3.801)Inner58:0.14,1819:2.274)Inner83:0.688,1883:1.199)Inner103:2.032,(((1297:1.421,1541:2.536)Inner38:2.416,1357:1.62)Inner63:1.08,((1462:0.092,1510:0.029)Inner8:1.236,1463:0.122)Inner15:3.132)Inner104:1.901)Inner136:4.007,(((1131:4.693,1234:6.545)Inner43:0.907,1281:1.46)Inner72:2.454,1260:2.392)Inner123:1.579)Inner149:1.977)Inner161:1.979)Inner203:0.081)Inner184:0.953)Inner209:2.202)Inner223:4.591,(((((((1867:1.898,(1058:0.018,1973:0.025)Inner32:1.351)Inner95:3.455,983:4.438)Inner188:2.578,(((((1190:0.615,1079:2.984)Inner33:0.488,1251:3.301)Inner97:0.404,1406:2.208)Inner130:1.029,(1263:0.024,1262:0.03)Inner34:2.055)Inner191:5.874,((1159:4.6,2029:4.973)Inner131:0.05,(1719:0.04,1718:0.036)Inner24:7.585)Inner192:1.981)Inner215:2.431)Inner216:1.647,(((1424:7.943,(((1482:1.6,1483:0.498)Inner77:2.013,(((1523:3.166,1349:3.025)Inner157:0.113,1035:4.35)Inner90:0.62,(1193:5.56,1302:3.343)Inner156:0.081)Inner107:2.02)Inner187:2.105,1598:4.888)Inner189:0.889)Inner202:0.98,(1332:7.159,((1754:1.354,1491:0.306)Inner35:0.046,1490:0.098)Inner99:2.004)Inner190:0.016)Inner210:0.013,1607:7.835)Inner213:1.968)Inner220:0.003,((1094:3.02,1726:4.274)Inner158:1.586,(1045:4.776,1165:5.35)Inner139:0.743)Inner196:4.957)Inner224:2.059,(((((1952:0.042,1953:0.049)Inner67:3.506,1921:1.62)Inner182:3.426,(1043:0.048,1042:0.058)Inner64:5.917)Inner197:2.951,(((2006:0.027,2012:0.021)Inner1:0.397,2013:0.178)Inner52:5.087,(((1832:2.25,1660:3.637)Inner98:0.101,1833:0.519)Inner120:3.174,1487:6.501)Inner194:0.065)Inner211:2.83)Inner218:1.884,((1583:8.462,((((1784:4.602,(1762:0.034,1763:0.032)Inner4:3.772)Inner25:4.871,((988:3.774,1093:1.799)Inner195:3.894,((976:1.586,1724:4.044)Inner88:5.427,((1365:0.128,1668:1.554)Inner37:0.242,1666:6.562)Inner198:0.842)Inner200:2.926)Inner219:0.007)Inner214:2.039,((((1545:4.399,(1764:1.961,1787:1.211)Inner66:1.273)Inner181:0.524,1373:4.218)Inner183:1.031,1793:3.922)Inner89:1.426,1574:6.414)Inner186:2.433)Inner212:0.022,2043:10.346)Inner217:0.209)Inner199:1.12,((2032:0.294,(1950:0.024,1796:0.018)Inner11:1.17)Inner23:3.034,2020:6.761)Inner193:4.162)Inner221:0.591)Inner222:3.058)Inner228:3.019,((((((1901:4.856,(1566:7.072,1983:6.413)Inner229:0.112)Inner204:0.035,((1895:4.977,1880:6.385)Inner106:2.409,((1698:0.052,1699:0.023)Inner42:3.965,1741:2.984)Inner153:0.025)Inner173:0.73)Inner239:3.033,(1528:5.884,(1408:1.796,1662:1.044)Inner175:4.106)Inner226:2.213)Inner230:0.008,((1156:0.674,1208:3.165)Inner119:4.784,(((1284:0.031,1285:0.106)Inner13:1.083,1290:0.252)Inner29:2.965,(1330:2.191,1414:4.957)Inner70:2.455)Inner166:3.049)Inner165:3.868)Inner227:2.956,((((1166:8.698,(((1069:5.143,1180:6.63)Inner233:0.087,((1222:2.179,1223:3.146)Inner169:6.241,(1279:0.294,1278:1.403)Inner96:2.446)Inner237:0.027)Inner172:0.028,1772:6.418)Inner244:1.888)Inner242:0.034,((1218:11.158,(1941:8.253,(1077:1.888,1390:4.247)Inner154:4.079)Inner179:3.909)Inner225:1.108,1539:10.545)Inner236:0.53)Inner238:0.099,((1665:3.018,(1734:2.755,1977:5.96)Inner207:0.028)Inner174:0.806,1695:4.247)Inner208:4.742)Inner247:1.164,1705:11.682)Inner249:0.735)Inner248:0.001,(((1841:3.399,1888:1.862)Inner168:3.755,(((1492:1.679,(1146:3.444,1493:0.439)Inner65:0.04)Inner87:1.964,1605:5.538)Inner170:1.977,1489:2.463)Inner121:1.028)Inner232:3.95,((((1820:0.372,1821:1.421)Inner100:2.109,1907:3.547)Inner159:3.427,((((1478:0.188,1610:2.194)Inner26:1.638,1864:2.747)Inner128:1.831,(((2001:0.019,2000:0.077)Inner10:1.952,(1905:0.018,1658:0.034)Inner14:2.006)Inner53:0.031,2040:0.576)Inner91:3.075)Inner164:1.409,(((1968:2.594,1750:0.663)Inner118:0.116,1751:0.814)Inner167:2.422,1054:4.472)Inner206:2.955)Inner176:0.487)Inner231:1.99,((1481:3.412,((1142:1.54,1143:2.855)Inner129:1.121,1153:1.8)Inner201:0.029)Inner234:4.276,((1891:0.601,1771:1.468)Inner86:5.761,1565:4.124)Inner205:3.417)Inner240:0.534)Inner241:0.001)Inner245:1)Inner246:2.08)Inner243:4.754)Inner235:1.164)I0;
I0,0,0,0,0,0,0,0,0,0,0,0,0,0,0,0,0,0,0,0,0,0,0,0,0,0,0,0,0,0,0
Inner235,0,0,0,0,0,0,0,0,0,0,0,0,0,0,0:0.42/2:0.58,0,0,0,0,0,0,0,0,0,0,0,0,0,0,0:0.41/8:0.59
Inner243,0,0,0,0,0,0,0,0:0.01/10:0.99,0,0,0,0,0,0,0:0.03/2:0.97,0,0,0,0,0,0,0,0,0:0.01/16:0.99,0,0:0.01/21:0.99,0:0.01/4:0.99,0,0,0:0.03/8:0.97
Inner246,0,0,0,0,0,0,0,10,0,0,0,0,0,0,2,0,8,0,0,0,0,0,0,16,12,21,4,0,0,8
Inner245,0,0,0,0,0,0,0,10,0,0,0,0,0,0,2,0,8,0,0,0,0,0,0,16,12,21,4,2,0,8
Inner241,0,0,0,0,0,0,0,10,0,0,0,0,0,0,2,0,8,0,0,0,0,0,0,16,12,21,4,2,0,8
Inner240,0,0,0,0,0,0,0,10,0,0,0,0,0,0,2,0,8,0:0.47/1:0.53,0,0,0,0,0,16,12,21,4,2,0,8
Inner205,0,0,0,0:0.23/-1:0.73/1:0.013/4:0.013/6:0.013,0,0:0.03/6:0.97,0,10,0,0,0,0,0,0,2,0,8,0:0.28/1:0.72,0,0,0,0,0,-1:0.73/16:0.27,12,21,4,2,0:0.23/-1:0.73/32:0.002/1:0.002/34:0.002/3:0.002/36:0.002/4:0.002/5:0.002/7:0.002/37:0.002/6:0.002/14:0.002/18:0.002/20:0.002/21:0.002/25:0.002/27:0.002/29:0.002/30:0.002,8
1565,3,0,0,0:0.13/-1:0.8/1:0.023/4:0.023/6:0.023,0,6,0,10,0,0,0,0,0,0:0.54/-1:0.27/1:0.011/2:0.011/3:0.011/4:0.011/5:0.011/6:0.011/11:0.011/13:0.011/14:0.011/18:0.011/19:0.011/22:0.011/25:0.011/26:0.011/27:0.011/28:0.011/29:0.011,2,0,8,0:0.15/-1:0.27/1:0.58,0,1,9,0,0,-1:0.8/16:0.2,12,21,4,2,0:0.13/-1:0.8/32:0.004/1:0.004/34:0.004/3:0.004/36:0.004/4:0.004/5:0.004/7:0.004/37:0.004/6:0.004/14:0.004/18:0.004/20:0.004/21:0.004/25:0.004/27:0.004/29:0.004/30:0.004,8
Inner86,0,0,0,0:0.06/-1:0.91/1:0.01/4:0.01/6:0.01,0,6,0,10,0:0.16/3:0.84,0,0:0.01/1:0.99,0,0:0.26/-1:0.67/1:0.014/2:0.014/3:0.014/5:0.014/6:0.014,0,2,27,8,0:0.04/1:0.96,0,0,0,0,0,-1:0.91/16:0.09,-1:0.67/12:0.33,-1:0.67/21:0.33,4,2,0:0.06/-1:0.91/32:0.002/1:0.002/34:0.002/3:0.002/36:0.002/4:0.002/5:0.002/7:0.002/37:0.002/6:0.002/14:0.002/18:0.002/20:0.002/21:0.002/25:0.002/27:0.002/29:0.002/30:0.002,8
1771,0,0:0.89/-1:0.06/1:0.013/2:0.013/3:0.013/4:0.013,0,0:0.05/-1:0.92/1:0.01/4:0.01/6:0.01,0,6,0,10,0:0.14/-1:0.06/3:0.8,0,1,0,0:0.23/-1:0.69/1:0.016/2:0.016/3:0.016/5:0.016/6:0.016,0,2,27,8,0:0.04/-1:0.06/1:0.9,0,0:0.89/-1:0.06/32:0.004/1:0.004/33:0.004/4:0.004/37:0.004/38:0.004/42:0.004/11:0.004/12:0.004/17:0.004/18:0.004/21:0.004/22:0.004/31:0.004,0,0,5,-1:0.92/16:0.08,-1:0.69/12:0.31,-1:0.69/21:0.31,4,2,0:0.05/-1:0.92/32:0.002/1:0.002/34:0.002/3:0.002/36:0.002/4:0.002/5:0.002/7:0.002/37:0.002/6:0.002/14:0.002/18:0.002/20:0.002/21:0.002/25:0.002/27:0.002/29:0.002/30:0.002,8
1891,0,0,0,0:0.05/-1:0.92/1:0.01/4:0.01/6:0.01,0,6,0,10,3,0,1,0,0:0.23/-1:0.69/1:0.016/2:0.016/3:0.016/5:0.016/6:0.016,0,2,27,8,1,0:0.89/-1:0.06/1:0.004/2:0.004/3:0.004/6:0.004/7:0.004/9:0.004/10:0.004/11:0.004/14:0.004/16:0.004/18:0.004/19:0.004,0,0:0.89/-1:0.06/1:0.005/2:0.005/5:0.005/6:0.005/7:0.005/9:0.005/13:0.005/14:0.005/15:0.005/20:0.005,0,0,-1:0.92/16:0.08,-1:0.69/12:0.31,-1:0.69/21:0.31,-1:0.06/4:0.94,2,0:0.05/-1:0.92/32:0.002/1:0.002/34:0.002/3:0.002/36:0.002/4:0.002/5:0.002/7:0.002/37:0.002/6:0.002/14:0.002/18:0.002/20:0.002/21:0.002/25:0.002/27:0.002/29:0.002/30:0.002,8
Inner234,0,0,0:0.17/1:0.83,0,0,0,0,10,0,0,0,0,0,0,2,0,8,1,0:0.02/9:0.98,21,0,0,3,16,12,21,4,2,0,8
Inner201,0,0,0:0.16/1:0.84,0,0,0,0,10,0,0,0,0,0,0,2,0,8,1,9,21,0,0,3,16,12,21,4,2,0,8
1153,0,0,0:0.11/-1:0.17/1:0.72,0,0,0,0,10,0,0,0,0:0.7/-1:0.17/2:0.033/3:0.033/5:0.033/6:0.033,0,0,2,0,8,1,9,21,0,20,3,16,12,21,4,2,0:0.7/-1:0.17/32:0.007/1:0.007/34:0.007/3:0.007/36:0.007/4:0.007/5:0.007/7:0.007/37:0.007/6:0.007/14:0.007/18:0.007/20:0.007/21:0.007/25:0.007/27:0.007/29:0.007/30:0.007,8
Inner129,0,0,0:0.03/1:0.97,0,0,0,0:0.01/19:0.99,10,0,0,0,0,0,0,2,0,8,1,9,21,0,0,3,16,12,21,4,2,0,8
1143,3,0,1,0:0.78/-1:0.12/1:0.033/4:0.033/6:0.033,0,6,19,10,0,0,0:0.78/-1:0.12/1:0.1,0,0,0,2,0,-1:0.12/8:0.88,1,9,21,0,0,3,-1:0.12/16:0.88,12,21,4,-1:0.12/2:0.88,0,8
1142,0,0,1,0,0,0,19,10,0,0,0,0,0,0,-1:0.12/2:0.88,0,8,-1:0.12/1:0.88,9,21,0,30,3,16,12,21,-1:0.12/4:0.88,2,0,-1:0.12/8:0.88
1481,0,0:0.69/-1:0.18/1:0.033/2:0.033/3:0.033/4:0.033,0:0.12/-1:0.18/1:0.7,0,65,0,0,10,0,0:0.69/-1:0.18/2:0.016/4:0.016/6:0.016/7:0.016/8:0.016/13:0.016/15:0.016/22:0.016,0,0,0:0.69/-1:0.18/1:0.026/2:0.026/3:0.026/5:0.026/6:0.026,0:0.69/-1:0.18/1:0.008/2:0.008/3:0.008/4:0.008/5:0.008/6:0.008/11:0.008/13:0.008/14:0.008/18:0.008/19:0.008/22:0.008/25:0.008/26:0.008/27:0.008/28:0.008/29:0.008,2,0:0.69/-1:0.18/2:0.011/3:0.011/6:0.011/7:0.011/10:0.011/12:0.011/14:0.011/17:0.011/18:0.011/21:0.011/26:0.011/27:0.011,8,1,0:0.01/-1:0.18/9:0.81,21,0,0,3,16,12,21,4,-1:0.18/2:0.82,0:0.69/-1:0.18/32:0.007/1:0.007/34:0.007/3:0.007/36:0.007/4:0.007/5:0.007/7:0.007/37:0.007/6:0.007/14:0.007/18:0.007/20:0.007/21:0.007/25:0.007/27:0.007/29:0.007/30:0.007,8
Inner231,0,0,0,0,0,0,5,10,0,0,0,0,0:0.01/2:0.99,0,2,0,8,0,0,0,0,0,0,16,12,21,4,2,0,8
Inner176,0,0,0:0.52/1:0.48,0,0,0,5,10,0,0,0,0,2,0,2,0,8,0,0,0,0,0,0,16,12,21,4,2,0,8
Inner206,0:0.08/3:0.92,0:0.04/1:0.96,0:0.31/1:0.69,0,0,0,5,10,0,0,0,0,2,0:0.14/-1:0.84/1:0.001/2:0.001/3:0.001/4:0.001/5:0.001/6:0.001/11:0.001/13:0.001/14:0.001/18:0.001/19:0.001/22:0.001/25:0.001/26:0.001/27:0.001/28:0.001/29:0.001,2,0,8,0,0,0,0,0,0,16,12,21,4,2,0,8
1054,3,1,0:0.19/-1:0.22/1:0.59,0,0,0,-1:0.22/5:0.78,10,0:0.63/-1:0.22/1:0.025/2:0.025/3:0.025/4:0.025/5:0.025/6:0.025,0,0,0,-1:0.22/2:0.78,0:0.09/-1:0.88/1:0.002/2:0.002/3:0.002/4:0.002/5:0.002/6:0.002/11:0.002/13:0.002/14:0.002/18:0.002/19:0.002/22:0.002/25:0.002/26:0.002/27:0.002/28:0.002/29:0.002,2,21,8,0,0:0.63/-1:0.22/1:0.012/2:0.012/3:0.012/6:0.012/7:0.012/9:0.012/10:0.012/11:0.012/14:0.012/16:0.012/18:0.012/19:0.012,0,0,0,0,-1:0.22/16:0.78,12,21,-1:0.22/4:0.78,-1:0.22/2:0.78,32,-1:0.22/8:0.78
Inner167,3,1,0:0.11/1:0.89,0,0,0,5,10,0,0,0,0,2,0:0.02/-1:0.98,2,10,8,0,0,0,0,0:0.04/6:0.96,0,16,12,21,4,2,0,8
1751,3,1,1,0,0,0,5,10,0,0,0,0,-1:0.1/2:0.9,0:0.01/-1:0.98/1:0.001/2:0.001/3:0.001/4:0.001/5:0.001/6:0.001/11:0.001/13:0.001/14:0.001/18:0.001/19:0.001/22:0.001/25:0.001/26:0.001/27:0.001/28:0.001/29:0.001,2,10,8,0:0.83/-1:0.1/1:0.023/2:0.023/3:0.023,0:0.83/-1:0.1/1:0.006/2:0.006/3:0.006/6:0.006/7:0.006/9:0.006/10:0.006/11:0.006/14:0.006/16:0.006/18:0.006/19:0.006,0:0.83/-1:0.1/32:0.005/1:0.005/33:0.005/4:0.005/37:0.005/38:0.005/42:0.005/11:0.005/12:0.005/17:0.005/18:0.005/21:0.005/22:0.005/31:0.005,0,0:0.03/-1:0.1/6:0.87,0,16,12,21,4,2,0,8
Inner118,3,1,0:0.11/-1:0.04/1:0.85,0,0,0,5,10,0,0,0,0,2,0:0.01/-1:0.98/1:0.001/2:0.001/3:0.001/4:0.001/5:0.001/6:0.001/11:0.001/13:0.001/14:0.001/18:0.001/19:0.001/22:0.001/25:0.001/26:0.001/27:0.001/28:0.001/29:0.001,2,10,8,0,0,0,0,6,0,16,12,21,4,2,0:0.96/-1:0.04,8
1750,3,1,0:0.09/-1:0.12/1:0.79,0,0:0.84/-1:0.09/1:0.006/65:0.006/3:0.006/36:0.006/37:0.006/40:0.006/41:0.006/11:0.006/44:0.006/13:0.006/17:0.006/18:0.006,0:0.84/-1:0.09/1:0.007/2:0.007/3:0.007/5:0.007/6:0.007/7:0.007/8:0.007/10:0.007/12:0.007/15:0.007,5,10,0,0,0,0,-1:0.09/2:0.91,0:0.01/-1:0.98/1:0.001/2:0.001/3:0.001/4:0.001/5:0.001/6:0.001/11:0.001/13:0.001/14:0.001/18:0.001/19:0.001/22:0.001/25:0.001/26:0.001/27:0.001/28:0.001/29:0.001,2,10,8,0,0,0,0,6,0,16,12,21,4,2,0:0.8/-1:0.12/32:0.004/1:0.004/34:0.004/3:0.004/36:0.004/4:0.004/5:0.004/7:0.004/37:0.004/6:0.004/14:0.004/18:0.004/20:0.004/21:0.004/25:0.004/27:0.004/29:0.004/30:0.004,8
1968,3,1,0:0.09/-1:0.12/1:0.79,0,0,0,5,10,0,0:0.84/-1:0.09/2:0.009/4:0.009/6:0.009/7:0.009/8:0.009/13:0.009/15:0.009/22:0.009,0,5,2,0:0.01/-1:0.98/1:0.001/2:0.001/3:0.001/4:0.001/5:0.001/6:0.001/11:0.001/13:0.001/14:0.001/18:0.001/19:0.001/22:0.001/25:0.001/26:0.001/27:0.001/28:0.001/29:0.001,2,10,-1:0.09/8:0.91,1,0,0,0,6,0,16,12,21,4,2,0:0.8/-1:0.12/32:0.004/1:0.004/34:0.004/3:0.004/36:0.004/4:0.004/5:0.004/7:0.004/37:0.004/6:0.004/14:0.004/18:0.004/20:0.004/21:0.004/25:0.004/27:0.004/29:0.004/30:0.004,-1:0.09/8:0.91
Inner164,0,0,0:0.09/1:0.91,0,0,0,5,10,0,0,0,0,2,0,2,0,8,0,0,0,0,0:0.03/33:0.97,0,16,12,21,4,2,0,8
Inner91,0,0,1,0,0,5,5,10,0,0:0.03/22:0.97,0,0,2,0,-1:0.99/2:0.01,0,8,0,0,0,0,33,0,16,12,21,4,2,0,8
2040,0,0:0.82/-1:0.1/1:0.02/2:0.02/3:0.02/4:0.02,1,0,0,5,5,10,0,0:0.02/-1:0.1/22:0.88,0,0,2,0,-1:0.99/2:0.01,0,8,0:0.82/-1:0.1/1:0.027/2:0.027/3:0.027,0,0,0,-1:0.1/33:0.9,0,16,12,21,4,2,0,8
Inner53,0,0,1,0,0,5,5,10,0,22,0,0,2,0,-1,0,8,0,0,0,0,33,0,16,12,21,4,2,0,8
Inner14,0,0,1,0,0,5,5,10,0,22,1,0,2,0,-1,3,8,0,0,0,0,33,0,16,12,21,4,2,0,8
1658,0,0,1,0:0.99/-1:0.01,0:0.99/-1:0.01,5,5,10,0,22,1,0:0.99/-1:0.01,2,0,-1,3,8,0,0,0,0,33,0,16,12,21,4,2,0,8
1905,0,0,-1:0.01/1:0.99,0,0,5,5,10,0,22,1,0,2,0,-1,3,8,0,0,0:0.99/-1:0.01,0,33,0,16,12,21,4,2,0,8
Inner10,0,0,1,0,44,5,5,10,0,22,0,0,2,0:0.05/2:0.95,-1,0,8,0,0,0,0,33,0,16,12,21,4,2,0,8
2000,0,0,1,0,44,5,5,10,0,22,0,0,2,2,-1,0,8,0,0,0,0:0.99/-1:0.01,33,0:0.99/-1:0.01,16,12,21,4,2,0,8
2001,0,0,1,0,44,5,5,10,0,22,0,0,2,0:0.05/-1:0.01/2:0.94,-1,0,-1:0.01/8:0.99,0,0,0,0,33,0,-1:0.01/16:0.99,12,21,4,2,0,8
Inner128,0,0,0:0.01/1:0.99,0,0,0,5,10,0,0,0,0,2,0,2,0,8,0:0.04/1:0.96,0,0,0:0.22/-1:0.76/1:0.002/2:0.002/5:0.002/6:0.002/7:0.002/9:0.002/13:0.002/14:0.002/15:0.002/20:0.002,0:0.02/33:0.98,0,16,12,21,4,2,0,8
1864,0,0,1,0,0,0,-1:0.17/5:0.83,10,0,13,0,0,2,0:0.71/-1:0.17/1:0.007/2:0.007/3:0.007/4:0.007/5:0.007/6:0.007/11:0.007/13:0.007/14:0.007/18:0.007/19:0.007/22:0.007/25:0.007/26:0.007/27:0.007/28:0.007/29:0.007,2,27,8,1,0,0,0:0.16/-1:0.8/1:0.004/2:0.004/5:0.004/6:0.004/7:0.004/9:0.004/13:0.004/14:0.004/15:0.004/20:0.004,0:0.01/-1:0.17/33:0.82,0,16,12,21,4,2,0,8
Inner26,0,0,1,0:0.52/-1:0.43/1:0.017/4:0.017/6:0.017,0,0,5,10,0,0,0,0:0.01/2:0.99,2,0,2,0,8,1,0,0,0:0.11/-1:0.86/1:0.003/2:0.003/5:0.003/6:0.003/7:0.003/9:0.003/13:0.003/14:0.003/15:0.003/20:0.003,0:0.01/33:0.99,0,16,12,21,4,2,0,8
1610,0,0,1,0:0.45/-1:0.47/1:0.027/4:0.027/6:0.027,13,0,5,10,0,0,0,2,2,0,2,0,8,1,0,18,0:0.1/-1:0.87/1:0.003/2:0.003/5:0.003/6:0.003/7:0.003/9:0.003/13:0.003/14:0.003/15:0.003/20:0.003,33,0,16,12,21,4,2,0,-1:0.08/8:0.92
1478,0,0,1,0:0.45/-1:0.47/1:0.027/4:0.027/6:0.027,0,0,5,10,0,0,0,2,2,0,2,0,8,1,0,0,0:0.1/-1:0.87/1:0.003/2:0.003/5:0.003/6:0.003/7:0.003/9:0.003/13:0.003/14:0.003/15:0.003/20:0.003,0:0.01/-1:0.08/33:0.91,0,16,12,21,4,2,0,8
Inner159,0:0.15/-1:0.82/1:0.015/3:0.015,0,0,0,0,0,5,10,0,0,0,0,2,0:0.38/13:0.62,2,0,8,0:0.05/1:0.95,0:0.01/16:0.99,0,0,0,0,16,12,21,4,2,0,8
1907,0:0.1/-1:0.86/1:0.02/3:0.02,0,0,0,17,0,5,10,0,0,0,0,2,0:0.26/-1:0.19/13:0.55,-1:0.19/2:0.81,0,8,1,16,12,0,20,0,16,12,21,4,2,0,8
Inner100,0:0.06/-1:0.92/1:0.01/3:0.01,0,0,0,0,0,5,10,0,13,0,0:0.41/-1:0.53/2:0.015/3:0.015/5:0.015/6:0.015,2,13,2,0,8,0:0.01/1:0.99,16,0,0,0,0,16,12,21,4,2,0,8
1821,0:0.05/-1:0.92/1:0.015/3:0.015,0,0:0.88/-1:0.06/1:0.06,0:0.88/-1:0.06/1:0.02/4:0.02/6:0.02,0,0,5,10,0,13,0,0:0.37/-1:0.56/2:0.018/3:0.018/5:0.018/6:0.018,2,13,2,0,8,1,16,0,1,0:0.88/-1:0.06/1:0.004/33:0.004/3:0.004/4:0.004/5:0.004/6:0.004/2:0.004/7:0.004/15:0.004/16:0.004/17:0.004/18:0.004/20:0.004/25:0.004/30:0.004,0,16,12,21,4,2,0,8
1820,0:0.05/-1:0.92/1:0.015/3:0.015,0,0,0,0,0,5,10,0,13,0,0:0.37/-1:0.56/2:0.018/3:0.018/5:0.018/6:0.018,2,13,2,0:0.88/-1:0.06/2:0.005/3:0.005/6:0.005/7:0.005/10:0.005/12:0.005/14:0.005/17:0.005/18:0.005/21:0.005/26:0.005/27:0.005,8,0:0.01/-1:0.06/1:0.93,16,0,0,0,0,16,12,-1:0.06/21:0.94,-1:0.06/4:0.94,2,0,8
Inner232,0:0.03/3:0.97,0:0.02/-1:0.98,0,0,0,0,0,10,0,0,0,0,0,0,2,0,8,0,10,0,0,0,0,16,12,21,4,2,1,8
Inner121,3,-1,0,0,0,0,0:0.02/8:0.98,10,0,0,0,0,0,0,2,0,8,0,10,0,0,0,0,16,12,21,4,2,1,8
1489,3,-1,0,0,0,1,8,10,0,0:0.56/-1:0.26/2:0.022/4:0.022/6:0.022/7:0.022/8:0.022/13:0.022/15:0.022/22:0.022,0,0,0,0,2,0,8,0,10,0,0,0,2,16,12,21,4,2,1,8
Inner170,3,-1,0,0,0,0,8,10,0,0,0,0,0,0,2,0,8,0:0.59/3:0.41,10,0,0,0,0,16,-1:0.77/12:0.23,21,4,-1:0.77/2:0.23,1,8
1605,3,-1,0,0,0,0:0.64/-1:0.21/1:0.015/2:0.015/3:0.015/5:0.015/6:0.015/7:0.015/8:0.015/10:0.015/12:0.015/15:0.015,8,-1:0.21/10:0.79,0:0.64/-1:0.21/1:0.025/2:0.025/3:0.025/4:0.025/5:0.025/6:0.025,8,0,0,0,22,2,0,8,0:0.38/-1:0.21/3:0.41,10,0,0,17,2,16,-1:0.82/12:0.18,21,4,-1:0.82/2:0.18,1,-1:0.21/8:0.79
Inner87,3,-1,0,0,0,0,8,10,0,0,0,0,0,0:0.01/13:0.99,2,0,8,3,10,0,0,0,0,16,-1:0.96/12:0.04,21,4,-1:0.96/2:0.04,1,8
Inner65,3,-1,0,0,0,0,8,10,0,0,0,0,0,0:0.01/13:0.99,2,0,8,3,10,0,0,0,0,16,-1:0.96/12:0.04,-1:0.04/21:0.96,4,-1:0.96/2:0.04,1,8
1493,3,-1,0,0,0,0,8,10,0,0,0,0,0,-1:0.12/13:0.88,2,0,8,3,10,0:0.8/-1:0.12/32:0.006/1:0.006/33:0.006/4:0.006/37:0.006/38:0.006/42:0.006/11:0.006/12:0.006/17:0.006/18:0.006/21:0.006/22:0.006/31:0.006,0,0,0,16,-1:0.97/12:0.03,-1:0.15/21:0.85,4,-1:0.97/2:0.03,1,8
1146,3,-1,0,0,0,0,8,10,0,0,0,0,1,13,2,0,8,3,10,0,7,0:0.8/-1:0.12/1:0.005/33:0.005/3:0.005/4:0.005/5:0.005/6:0.005/2:0.005/7:0.005/15:0.005/16:0.005/17:0.005/18:0.005/20:0.005/25:0.005/30:0.005,4,16,-1:0.97/12:0.03,-1:0.15/21:0.85,-1:0.12/4:0.88,-1:0.97/2:0.03,1,8
1492,-1:0.12/3:0.88,-1,0,0,0,0,8,10,0,0,0,0:0.79/-1:0.12/2:0.022/3:0.022/5:0.022/6:0.022,0,13,2,0,8,3,10,31,0,0:0.79/-1:0.12/1:0.006/33:0.006/3:0.006/4:0.006/5:0.006/6:0.006/2:0.006/7:0.006/15:0.006/16:0.006/17:0.006/18:0.006/20:0.006/25:0.006/30:0.006,0,-1:0.12/16:0.88,-1:0.97/12:0.03,21,4,-1:0.97/2:0.03,1,8
Inner168,3,0:0.01/-1:0.99,0,0,0,0,0:0.01/24:0.99,10,0,0:0.42/8:0.58,0,0:0.42/6:0.58,0:0.02/3:0.98,0,2,0:0.42/27:0.58,8,0,10,0,0,0,0,16,12,21,4,2,1,8
1888,3,-1:0.99/1:0.003/2:0.003/3:0.003/4:0.003,0:0.72/-1:0.16/1:0.12,0,0,0,24,10,0:0.72/-1:0.16/1:0.02/2:0.02/3:0.02/4:0.02/5:0.02/6:0.02,0:0.3/-1:0.16/8:0.54,0,6,3,0,-1:0.16/2:0.84,0:0.3/-1:0.16/27:0.54,8,0,10,0,0,0,0:0.72/-1:0.16/1:0.024/2:0.024/3:0.024/4:0.024/5:0.024,16,12,21,4,2,1,8
1841,3,-1:0.99/1:0.003/2:0.003/3:0.003/4:0.003,0,0,17,0,24,-1:0.16/10:0.84,0,8,0,0:0.3/-1:0.16/6:0.54,3,0,2,27,8,1,10,0,0,0,0,16,12,21,4,2,-1:0.16/1:0.84,8
Inner248,0,0,0,0,0,0,0,10,0,0,0,0,0,0,2,0,8,0,0,0,0,0,0,16,12,21,4,0,0,8
Inner249,0:0.27/3:0.73,0,0,0,0,0,0,10,0,0,0,0,0,0,2,0,8,0,0,0,0,0,0,16,12,21,4,0,0,8
1705,3,0,1,1,0:0.32/-1:0.43/1:0.021/65:0.021/3:0.021/36:0.021/37:0.021/40:0.021/41:0.021/11:0.021/44:0.021/13:0.021/17:0.021/18:0.021,0,5,-1:0.43/10:0.57,0,0,0:0.32/-1:0.43/1:0.25,3,2,0:0.32/-1:0.43/1:0.015/2:0.015/3:0.015/4:0.015/5:0.015/6:0.015/11:0.015/13:0.015/14:0.015/18:0.015/19:0.015/22:0.015/25:0.015/26:0.015/27:0.015/28:0.015/29:0.015,2,10,8,2,0,0,0,0,0,-1:0.43/16:0.57,12,21,-1:0.43/4:0.57,0:0.32/-1:0.43/1:0.05/2:0.05/3:0.05/4:0.05/5:0.05,0,-1:0.43/8:0.57
Inner247,3,0:0.1/1:0.9,0,0,0,0,0,10,0,0,0,0,0,0,2,0,8,0,0,0,0,0,0,16,12,21,4,0,0,8
Inner208,3,-1:0.96/1:0.04,0,0:0.01/1:0.99,0,0,0,-1:0.96/10:0.04,0,0,0,0,0,0,2,0,8,0:0.16/1:0.84,0,0,0,0,0,16,12,21,4,0,0:0.01/20:0.99,8
1695,3,-1:0.97/1:0.03,0:0.58/-1:0.25/1:0.17,1,1,0,0,-1:0.97/10:0.03,0,0,0,0:0.58/-1:0.25/2:0.043/3:0.043/5:0.043/6:0.043,0,0:0.58/-1:0.25/1:0.01/2:0.01/3:0.01/4:0.01/5:0.01/6:0.01/11:0.01/13:0.01/14:0.01/18:0.01/19:0.01/22:0.01/25:0.01/26:0.01/27:0.01/28:0.01/29:0.01,2,0,8,0:0.09/-1:0.25/1:0.66,0,12,0,0,0,16,12,21,-1:0.25/4:0.75,0:0.58/-1:0.25/1:0.034/2:0.034/3:0.034/4:0.034/5:0.034,20,8
Inner174,3,-1:0.98/1:0.02,0,1,0,0,0,-1:0.98/10:0.02,0,0,0:0.37/-1:0.61/1:0.02,0,0,0,2,0,8,0:0.05/1:0.95,0,0,0,0,0,16,12,21,4,0,0:0.01/20:0.99,8
Inner207,3,-1:0.98/1:0.02,0,1,0,0,0,-1:0.98/10:0.02,0,0,0:0.36/-1:0.62/1:0.02,0,0,0,2,0,8,0:0.03/1:0.97,0,0,0,0,0,16,12,21,4,0,0:0.01/20:0.99,8
1977,3,-1:0.99/1:0.01,1,1,18,10,0,-1:0.99/10:0.01,3,0,0:0.23/-1:0.7/1:0.07,0,0,0,2,0,8,1,0,0,0,15,0:0.64/-1:0.21/1:0.03/2:0.03/3:0.03/4:0.03/5:0.03,16,12,-1:0.21/21:0.79,4,0,-1:0.21/20:0.79,8
1734,3,-1:0.99/1:0.01,0,1,1,0,0,-1:0.99/10:0.01,0,0,0:0.23/-1:0.7/1:0.07,0,0,0,2,0,8,1,0,0:0.64/-1:0.21/32:0.011/1:0.011/33:0.011/4:0.011/37:0.011/38:0.011/42:0.011/11:0.011/12:0.011/17:0.011/18:0.011/21:0.011/22:0.011/31:0.011,14,0,0,16,12,21,4,0,20,-1:0.21/8:0.79
1665,-1:0.22/3:0.78,-1:0.99/1:0.01,0,1,0,0,9,-1:0.99/10:0.01,0,0,0:0.23/-1:0.7/1:0.07,0,0,0,2,0,-1:0.22/8:0.78,0:0.03/-1:0.22/1:0.75,0,0,0,0,0,16,12,21,4,5,-1:0.22/20:0.78,8
Inner238,3,1,0,0,0,0,0,10,0,0,0,0,0,0,2,0,8,0,0,0,0,0,0,16,12,21,4,0,0,8
Inner236,3,1,0,0,0,0,0,-1:0.49/10:0.51,0,0,0,0,0,0,2,0,8,0,0,0,0,0:0.96/6:0.04,0,16,12,21,4,0,0,8
1539,3,1,0,1,0:0.36/-1:0.4/1:0.02/65:0.02/3:0.02/36:0.02/37:0.02/40:0.02/41:0.02/11:0.02/44:0.02/13:0.02/17:0.02/18:0.02,0:0.36/-1:0.4/1:0.024/2:0.024/3:0.024/5:0.024/6:0.024/7:0.024/8:0.024/10:0.024/12:0.024/15:0.024,33,-1:0.69/10:0.31,0,0,0,0,2,0,-1:0.4/2:0.6,0,8,0:0.36/-1:0.4/1:0.08/2:0.08/3:0.08,9,37,5,0:0.35/-1:0.4/6:0.25,4,16,-1:0.4/12:0.6,21,4,0,0,8
Inner225,3,1,0:0.93/1:0.07,0,0,0,0,-1:0.71/10:0.29,0,0,0,0,0,0,2,0,8,0,0,0,0,0:0.87/6:0.13,0,16,12,21,4,0:0.27/2:0.73,0,8
Inner179,3,1,0:0.28/-1:0.66/1:0.06,0:0.13/1:0.87,0:0.71/11:0.29,0,0:0.71/2:0.29,-1:0.9/10:0.1,0,0,0,0,0,0,2,0:0.03/10:0.97,8,0,0,0,0,0:0.5/6:0.5,0,16,12,21,4,0:0.04/2:0.96,0,8
Inner154,3,1,0:0.11/-1:0.85/1:0.04,0:0.01/1:0.99,0:0.27/-1:0.55/11:0.18,0,0:0.27/-1:0.55/2:0.18,-1:0.96/10:0.04,0,0,0,0:0.03/3:0.97,0,0,2,10,8,0,0,0,0,6,0:0.03/4:0.97,16,12,21,4,0:0.02/2:0.98,0,8
1390,3,1,0:0.07/-1:0.88/1:0.05,1,0:0.18/-1:0.63/11:0.19,2,0:0.18/-1:0.63/2:0.19,-1:0.96/10:0.04,0,0,0,3,2,0,-1:0.19/2:0.81,10,-1:0.19/8:0.81,0:0.68/-1:0.19/1:0.043/2:0.043/3:0.043,0,0,5,6,4,16,12,21,4,0:0.01/-1:0.19/2:0.8,0,8
1077,3,1,0:0.07/-1:0.88/1:0.05,1,0:0.18/-1:0.63/11:0.19,0,0:0.18/-1:0.63/2:0.19,-1:0.96/10:0.04,0:0.68/-1:0.19/1:0.022/2:0.022/3:0.022/4:0.022/5:0.022/6:0.022,0,0,3,0,0,2,10,8,0,9,0,0,6,4,16,-1:0.19/12:0.81,21,4,2,0,8
1941,-1:0.32/3:0.68,1,0:0.13/-1:0.77/1:0.1,1,11,3,2,-1:0.93/10:0.07,0:0.47/-1:0.32/1:0.035/2:0.035/3:0.035/4:0.035/5:0.035/6:0.035,0:0.47/-1:0.32/2:0.026/4:0.026/6:0.026/7:0.026/8:0.026/13:0.026/15:0.026/22:0.026,0,0,0,19,-1:0.32/2:0.68,10,8,0,16,0,2,0:0.24/-1:0.32/6:0.44,0,16,12,-1:0.32/21:0.68,4,2,0,8
1218,3,1,1,0,37,0,0,-1:0.82/10:0.18,3,4,1,0:0.38/-1:0.38/2:0.06/3:0.06/5:0.06/6:0.06,6,0,-1:0.38/2:0.62,0,8,0:0.38/-1:0.38/1:0.08/2:0.08/3:0.08,0:0.38/-1:0.38/1:0.02/2:0.02/3:0.02/6:0.02/7:0.02/9:0.02/10:0.02/11:0.02/14:0.02/16:0.02/18:0.02/19:0.02,0:0.38/-1:0.38/32:0.017/1:0.017/33:0.017/4:0.017/37:0.017/38:0.017/42:0.017/11:0.017/12:0.017/17:0.017/18:0.017/21:0.017/22:0.017/31:0.017,0,0:0.33/-1:0.38/6:0.29,3,-1:0.38/16:0.62,12,21,4,2,0,8
Inner242,3,1,0,0,0,0,0,10,0,0,0,0,0,0,2,0,8,0,0:0.97/10:0.03,0,0,0,0,16,12,21,4,0,0,8
Inner244,3,1,0,0,0,0,0,10,0,0,0,0,0,0,2,0:0.08/21:0.92,8,0,10,0,0,0,0,16,12,21,4,0,0,8
1772,3,1,0:0.48/-1:0.32/1:0.2,0:0.48/-1:0.32/1:0.067/4:0.067/6:0.067,0,0,18,-1:0.32/10:0.68,0,15,0:0.48/-1:0.32/1:0.2,0:0.48/-1:0.32/2:0.05/3:0.05/5:0.05/6:0.05,0,0,2,0:0.04/-1:0.32/21:0.64,8,0,10,0:0.48/-1:0.32/32:0.014/1:0.014/33:0.014/4:0.014/37:0.014/38:0.014/42:0.014/11:0.014/12:0.014/17:0.014/18:0.014/21:0.014/22:0.014/31:0.014,0,0,0:0.48/-1:0.32/1:0.04/2:0.04/3:0.04/4:0.04/5:0.04,16,-1:0.32/12:0.68,21,4,0,0,-1:0.32/8:0.68
Inner172,3,1,0,0,0,0,0,10,0,0,0,0,0,0,2,0:0.05/21:0.95,8,0,10,0,0,0,0,16,12,21,4,0,0,8
Inner237,3,1,0,0,0,0,0,10,0,0,0,0,0,0,2,0:0.03/21:0.97,8,0,10,0,0,0,0,16,12,21,4,0,0,8
Inner96,-1:0.71/3:0.29,1,0,0,0,0,0,-1:0.71/10:0.29,0,0,0,0,0,0,2,21,8,0,10,0,0,0,0,16,12,21,4,0,32,8
1278,-1:0.73/3:0.27,1,0,0,0,0,0,-1:0.73/10:0.27,3,0,0,0,0:0.88/-1:0.07/1:0.01/2:0.01/3:0.01/5:0.01/6:0.01,0,2,21,8,0,10,0,0:0.88/-1:0.07/1:0.005/2:0.005/5:0.005/6:0.005/7:0.005/9:0.005/13:0.005/14:0.005/15:0.005/20:0.005,0,0:0.88/-1:0.07/1:0.01/2:0.01/3:0.01/4:0.01/5:0.01,16,12,21,4,0,32,8
1279,-1:0.73/3:0.27,1,0,0,0,0,0,-1:0.73/10:0.27,0,0,0,0:0.88/-1:0.07/2:0.013/3:0.013/5:0.013/6:0.013,0,0,2,-1:0.07/21:0.93,8,0,10,0,0,0,0,16,12,-1:0.07/21:0.93,4,0,32,8
Inner169,3,1,0,0,0:0.34/37:0.66,0,2,10,0:0.34/3:0.66,0,0:0.06/1:0.94,0:0.02/3:0.98,0,0,2,21,8,0:0.02/3:0.98,10,0,0,0,0,16,12,21,4,0,4,8
1223,3,-1:0.14/1:0.86,0,0,0:0.25/-1:0.14/37:0.61,0,2,10,0:0.25/-1:0.14/3:0.61,0,1,3,2,0,2,21,8,3,-1:0.14/10:0.86,1,0,0:0.75/-1:0.14/1:0.007/33:0.007/3:0.007/4:0.007/5:0.007/6:0.007/2:0.007/7:0.007/15:0.007/16:0.007/17:0.007/18:0.007/20:0.007/25:0.007/30:0.007,0,16,12,21,-1:0.14/4:0.86,0,4,8
1222,3,1,0,0,37,7,2,10,3,0,1,3,0,0:0.75/-1:0.14/1:0.006/2:0.006/3:0.006/4:0.006/5:0.006/6:0.006/11:0.006/13:0.006/14:0.006/18:0.006/19:0.006/22:0.006/25:0.006/26:0.006/27:0.006/28:0.006/29:0.006,2,21,8,3,10,0,0,0,0,16,12,21,4,0,4,-1:0.14/8:0.86
Inner233,3,1,0,0,0:0.98/11:0.02,0,0:0.97/-1:0.02/33:0.001/2:0.001/34:0.001/5:0.001/6:0.001/7:0.001/8:0.001/9:0.001/10:0.001/11:0.001/13:0.001/15:0.001/17:0.001/18:0.001/19:0.001/21:0.001/24:0.001,10,0,0,0,0,0,0,2,0:0.05/-1:0.02/21:0.93,8,0:0.98/2:0.02,10,0,0,0,0,16,12,21,4,0,0,8
1180,3,1,1,0,11,0,0:0.47/-1:0.33/33:0.012/2:0.012/34:0.012/5:0.012/6:0.012/7:0.012/8:0.012/9:0.012/10:0.012/11:0.012/13:0.012/15:0.012/17:0.012/18:0.012/19:0.012/21:0.012/24:0.012,-1:0.31/10:0.69,0,0:0.49/-1:0.31/2:0.025/4:0.025/6:0.025/7:0.025/8:0.025/13:0.025/15:0.025/22:0.025,0,3,0,0:0.49/-1:0.31/1:0.012/2:0.012/3:0.012/4:0.012/5:0.012/6:0.012/11:0.012/13:0.012/14:0.012/18:0.012/19:0.012/22:0.012/25:0.012/26:0.012/27:0.012/28:0.012/29:0.012,2,0:0.03/-1:0.33/21:0.64,8,2,10,0,0:0.49/-1:0.31/1:0.02/2:0.02/5:0.02/6:0.02/7:0.02/9:0.02/13:0.02/14:0.02/15:0.02/20:0.02,0,0,16,12,21,4,0,0,8
1069,-1:0.31/3:0.69,1,0,0,0:0.48/-1:0.31/11:0.21,0,0:0.47/-1:0.33/33:0.012/2:0.012/34:0.012/5:0.012/6:0.012/7:0.012/8:0.012/9:0.012/10:0.012/11:0.012/13:0.012/15:0.012/17:0.012/18:0.012/19:0.012/21:0.012/24:0.012,10,3,0,0,0,2,0,2,0:0.03/-1:0.33/21:0.64,8,0:0.48/-1:0.31/2:0.21,10,0,0,0,1,16,12,21,4,0,0,8
1166,-1:0.4/3:0.6,1,0,1,0,0:0.36/-1:0.4/1:0.024/2:0.024/3:0.024/5:0.024/6:0.024/7:0.024/8:0.024/10:0.024/12:0.024/15:0.024,0:0.36/-1:0.4/33:0.014/2:0.014/34:0.014/5:0.014/6:0.014/7:0.014/8:0.014/9:0.014/10:0.014/11:0.014/13:0.014/15:0.014/17:0.014/18:0.014/19:0.014/21:0.014/24:0.014,-1:0.4/10:0.6,0:0.36/-1:0.4/1:0.04/2:0.04/3:0.04/4:0.04/5:0.04/6:0.04,0:0.36/-1:0.4/2:0.03/4:0.03/6:0.03/7:0.03/8:0.03/13:0.03/15:0.03/22:0.03,0,0,0,0:0.36/-1:0.4/1:0.014/2:0.014/3:0.014/4:0.014/5:0.014/6:0.014/11:0.014/13:0.014/14:0.014/18:0.014/19:0.014/22:0.014/25:0.014/26:0.014/27:0.014/28:0.014/29:0.014,2,0,8,0,0:0.34/-1:0.4/10:0.26,0,9,0,3,16,-1:0.4/12:0.6,21,4,0:0.36/-1:0.4/1:0.048/2:0.048/3:0.048/4:0.048/5:0.048,0,8
Inner227,0,0,0,0,0,0,0,10,0,0,0:0.04/1:0.96,0,0,0,2,0,8,0,0,0,0,0,2,16,12,21,4,0,0,-1
Inner165,0,0,0,0:0.08/1:0.92,0:0.05/-1:0.94/1:0.001/65:0.001/3:0.001/36:0.001/37:0.001/40:0.001/41:0.001/11:0.001/44:0.001/13:0.001/17:0.001/18:0.001,0:0.02/7:0.98,0:0.01/17:0.99,10,0,0,0:0.01/1:0.99,0,0,0,2,0,8,0,0,0,0,0,2,16,12,21,4,0,0,-1
Inner166,0,0:0.04/1:0.96,0,1,-1,7,17,10,0,0,1,0,0,0,2,0,8,0,0:0.07/-1:0.92/1:0.001/2:0.001/3:0.001/6:0.001/7:0.001/9:0.001/10:0.001/11:0.001/14:0.001/16:0.001/18:0.001/19:0.001,0,0:0.01/15:0.99,0,2,16,12,21,4,0,0,-1
Inner70,0,1,0,1,-1,7,17,10,0,0:0.65/22:0.35,1,0,0:0.06/2:0.94,0:0.65/4:0.35,2,0,8,0,0:0.04/-1:0.95/1:0.001/2:0.001/3:0.001/6:0.001/7:0.001/9:0.001/10:0.001/11:0.001/14:0.001/16:0.001/18:0.001/19:0.001,0,15,0,2,16,-1:0.36/12:0.64,21,-1:0.36/4:0.64,0,0,-1
1414,3,1,0,1,-1,7,17,-1:0.19/10:0.81,0:0.68/-1:0.19/1:0.022/2:0.022/3:0.022/4:0.022/5:0.022/6:0.022,22,-1:0.19/1:0.81,0,2,4,2,0,8,0:0.68/-1:0.19/1:0.043/2:0.043/3:0.043,0:0.03/-1:0.96/1:0.001/2:0.001/3:0.001/6:0.001/7:0.001/9:0.001/10:0.001/11:0.001/14:0.001/16:0.001/18:0.001/19:0.001,0,15,1,2,16,-1:0.48/12:0.52,21,-1:0.48/4:0.52,0:0.68/-1:0.19/1:0.026/2:0.026/3:0.026/4:0.026/5:0.026,0,-1
1330,0,1,0,1,-1,7,17,10,0,0:0.44/-1:0.19/22:0.37,1,0,2,0:0.44/-1:0.19/4:0.37,2,0,8,0,0:0.03/-1:0.96/1:0.001/2:0.001/3:0.001/6:0.001/7:0.001/9:0.001/10:0.001/11:0.001/14:0.001/16:0.001/18:0.001/19:0.001,0:0.68/-1:0.19/32:0.009/1:0.009/33:0.009/4:0.009/37:0.009/38:0.009/42:0.009/11:0.009/12:0.009/17:0.009/18:0.009/21:0.009/22:0.009/31:0.009,15,6,2,16,-1:0.48/12:0.52,21,-1:0.48/4:0.52,0,0,-1
Inner29,0,1,0,1,-1,7,17,10,0,0,1,0,0,0,2,0:0.17/12:0.83,8,0,0:0.01/-1:0.99,0,15,4,2,16,12,21,4,0,4,-1
1290,0,1,0,1,-1,7,17,10,0,0:0.89/-1:0.06/2:0.006/4:0.006/6:0.006/7:0.006/8:0.006/13:0.006/15:0.006/22:0.006,1,0,0,0,2,0:0.15/-1:0.06/12:0.79,8,0,-1:0.99/1:0.001/2:0.001/3:0.001/6:0.001/7:0.001/9:0.001/10:0.001/11:0.001/14:0.001/16:0.001/18:0.001/19:0.001,0,15,4,-1:0.06/2:0.94,16,12,21,4,0,4,-1
Inner13,0,1,0,1,-1,7,17,10,0,0,1,0,0,0:0.09/13:0.91,2,12,8,0,-1,0,15,4,2,16,12,21,4,0,4,-1
1285,0,1,0,1,-1,7,17,10,0,0,1,0,0,13,2,12,8,0:0.99/-1:0.01,-1,0,15,4,2,16,12,-1:0.01/21:0.99,4,0,4,-1
1284,0,-1:0.01/1:0.99,0,1,-1,7,17,-1:0.01/10:0.99,0,0,1,0,0,0:0.09/-1:0.01/13:0.9,2,12,-1:0.01/8:0.99,0,-1,0,-1:0.01/15:0.99,4,2,16,12,21,4,0,4,-1
Inner119,0:0.02/3:0.98,0,0:0.05/1:0.95,0:0.02/1:0.98,0:0.01/-1:0.98/1:0.001/65:0.001/3:0.001/36:0.001/37:0.001/40:0.001/41:0.001/11:0.001/44:0.001/13:0.001/17:0.001/18:0.001,7,17,10,0:0.01/3:0.99,0:0.01/22:0.99,1,0,0,0:0.27/-1:0.65/1:0.005/2:0.005/3:0.005/4:0.005/5:0.005/6:0.005/11:0.005/13:0.005/14:0.005/18:0.005/19:0.005/22:0.005/25:0.005/26:0.005/27:0.005/28:0.005/29:0.005,2,0,8,0,0,0,0,0,2,16,12,21,4,0,0,-1
1208,3,0,1,1,0:0.01/-1:0.98/1:0.001/65:0.001/3:0.001/36:0.001/37:0.001/40:0.001/41:0.001/11:0.001/44:0.001/13:0.001/17:0.001/18:0.001,7,17,10,3,22,-1:0.13/1:0.87,0:0.76/-1:0.13/2:0.028/3:0.028/5:0.028/6:0.028,0,0:0.21/-1:0.7/1:0.005/2:0.005/3:0.005/4:0.005/5:0.005/6:0.005/11:0.005/13:0.005/14:0.005/18:0.005/19:0.005/22:0.005/25:0.005/26:0.005/27:0.005/28:0.005/29:0.005,-1:0.13/2:0.87,0:0.76/-1:0.13/2:0.009/3:0.009/6:0.009/7:0.009/10:0.009/12:0.009/14:0.009/17:0.009/18:0.009/21:0.009/26:0.009/27:0.009,8,1,0,0:0.76/-1:0.13/32:0.008/1:0.008/33:0.008/4:0.008/37:0.008/38:0.008/42:0.008/11:0.008/12:0.008/17:0.008/18:0.008/21:0.008/22:0.008/31:0.008,0,0,2,16,12,21,4,5,0,-1
1156,3,0,1,0:0.02/-1:0.13/1:0.85,0:0.01/-1:0.98/1:0.001/65:0.001/3:0.001/36:0.001/37:0.001/40:0.001/41:0.001/11:0.001/44:0.001/13:0.001/17:0.001/18:0.001,7,17,10,3,22,1,0,0,0:0.21/-1:0.7/1:0.005/2:0.005/3:0.005/4:0.005/5:0.005/6:0.005/11:0.005/13:0.005/14:0.005/18:0.005/19:0.005/22:0.005/25:0.005/26:0.005/27:0.005/28:0.005/29:0.005,2,0,8,0,0,0,0,0,2,-1:0.13/16:0.87,12,21,4,0,0:0.76/-1:0.13/32:0.006/1:0.006/34:0.006/3:0.006/36:0.006/4:0.006/5:0.006/7:0.006/37:0.006/6:0.006/14:0.006/18:0.006/20:0.006/21:0.006/25:0.006/27:0.006/29:0.006/30:0.006,-1
Inner230,0,0,0,0,0,0,0,10,0,0,0:0.03/1:0.97,0,0,0,2,0,8,0,0,0,0,0,2,16,12,21,4,0,0,-1
Inner226,0,0,0,0,0,0,0:0.03/5:0.97,10,0,0,0:0.01/1:0.99,0:0.11/3:0.89,0,0,2,0,8,0,0:0.67/9:0.33,0,0,0,2,16,12,21,4,0,0,-1
Inner175,0,0,0,0:0.22/1:0.78,0,0,5,10,0,0,1,3,0,0,2,0:0.22/3:0.78,8,0,0:0.17/-1:0.68/9:0.15,0,0,0,2,16,-1:0.68/12:0.32,21,4,2,0,-1
1662,0:0.82/-1:0.1/1:0.04/3:0.04,0,0:0.82/-1:0.1/1:0.08,0:0.18/-1:0.1/1:0.72,0,0,5,10,0,0,1,3,0,0,-1:0.1/2:0.9,0:0.18/-1:0.1/3:0.72,8,0,0:0.14/-1:0.71/9:0.15,0,0:0.82/-1:0.1/1:0.008/2:0.008/5:0.008/6:0.008/7:0.008/9:0.008/13:0.008/14:0.008/15:0.008/20:0.008,0,2,-1:0.1/16:0.9,-1:0.71/12:0.29,21,4,2,0,-1
1408,0,0,0,1,0,0,5,10,0,0,-1:0.1/1:0.9,3,0,0:0.82/-1:0.1/1:0.005/2:0.005/3:0.005/4:0.005/5:0.005/6:0.005/11:0.005/13:0.005/14:0.005/18:0.005/19:0.005/22:0.005/25:0.005/26:0.005/27:0.005/28:0.005/29:0.005,2,3,8,1,0:0.14/-1:0.71/9:0.15,0,0,0,2,16,-1:0.71/12:0.29,21,4,2,0,-1
1528,0:0.48/-1:0.31/1:0.105/3:0.105,0,0,0,0,0:0.48/-1:0.31/1:0.021/2:0.021/3:0.021/5:0.021/6:0.021/7:0.021/8:0.021/10:0.021/12:0.021/15:0.021,5,10,0,7,1,3,0,0:0.48/-1:0.31/1:0.012/2:0.012/3:0.012/4:0.012/5:0.012/6:0.012/11:0.012/13:0.012/14:0.012/18:0.012/19:0.012/22:0.012/25:0.012/26:0.012/27:0.012/28:0.012/29:0.012,2,0,8,0,9,0,20,30,2,16,12,21,4,0,0:0.48/-1:0.31/32:0.012/1:0.012/34:0.012/3:0.012/36:0.012/4:0.012/5:0.012/7:0.012/37:0.012/6:0.012/14:0.012/18:0.012/20:0.012/21:0.012/25:0.012/27:0.012/29:0.012/30:0.012,-1
Inner239,0,1,0,0,0,0,0,10,0,13,1,0,0,0,2,0,8,0,0,0,0,0,2,16,12,21,-1,0,0,-1
Inner173,0,1,0,0,0,0,0,10,0,13,1,0,0:0.27/2:0.73,0,2,0,8,0,0,0,0,0,2,16,12,21,-1,0,0,-1
Inner153,0,1,0,0,0,0,0,10,0,13,1,0,0:0.27/2:0.73,0,2,0:0.98/6:0.02,8,0,0,0,0,0,2,16,12,21,-1,0,0,-1
1741,0,1,0,0,0:0.54/-1:0.27/1:0.016/65:0.016/3:0.016/36:0.016/37:0.016/40:0.016/41:0.016/11:0.016/44:0.016/13:0.016/17:0.016/18:0.016,0,0,10,0,13,1,0:0.54/-1:0.27/2:0.048/3:0.048/5:0.048/6:0.048,0:0.14/-1:0.27/2:0.59,0,2,0:0.53/-1:0.27/6:0.2,-1:0.27/8:0.73,0,9,0,0,0,2,16,12,21,-1,0,0,-1
Inner42,0,-1:0.73/1:0.27,0,1,0,0,0,10,0,13,1,0,2,0,2,6,8,0,0:0.01/1:0.99,0,0,0,2,16,12,21,-1,0,0,-1
1699,0,-1:0.74/1:0.26,0,1,0,0,0,10,0,13,1,0,2,0,2,6,8,0,0:0.01/-1:0.01/1:0.98,0,0,0:0.99/-1:0.01,2,16,12,21,-1,0,0,-1
1698,0:0.99/-1:0.01,-1:0.74/1:0.26,0,1,0,0,0,10,0,13,-1:0.01/1:0.99,0,-1:0.01/2:0.99,0,2,6,-1:0.01/8:0.99,0,1,0,0,0,2,-1:0.01/16:0.99,12,21,-1,0,0,-1
Inner106,0:0.24/3:0.76,1,0,0,0:0.75/3:0.25,0,0,10,0,13,1,0,0:0.2/2:0.8,0:0.75/1:0.25,2,0:0.75/3:0.25,8,0:0.17/1:0.83,0,0,0,0,2,16,12,21,-1,0,0,-1
1880,3,-1:0.23/1:0.77,0,4,0:0.46/-1:0.23/3:0.31,0,0,10,0,13,-1:0.23/1:0.77,5,2,1,2,3,-1:0.23/8:0.77,1,0,42,0,0,2,16,12,-1:0.23/21:0.77,-1,0,0,-1
1895,3,1,0,0,3,0,0,-1:0.23/10:0.77,0,13,1,2,0:0.12/-1:0.23/2:0.65,0:0.46/-1:0.23/1:0.31,2,0:0.46/-1:0.23/3:0.31,8,1,0,0,14,0:0.61/-1:0.23/1:0.011/33:0.011/3:0.011/4:0.011/5:0.011/6:0.011/2:0.011/7:0.011/15:0.011/16:0.011/17:0.011/18:0.011/20:0.011/25:0.011/30:0.011,2,16,-1:0.23/12:0.77,21,-1,0,0,-1
Inner204,0,1,0,0,0,0,0,10,0:0.98/3:0.02,13,1,0,0,0,2,0,8,0,0,0,0:0.98/2:0.02,0,2,16,12,21,-1,0,0,-1
Inner229,0,1,0,0,0,0,0,10,0:0.95/-1:0.03/3:0.02,13,1,0,0,0,2,0,8,0:0.98/3:0.02,0:0.98/3:0.02,0,0:0.95/-1:0.03/2:0.02,0,2,16,12,21,-1,0,0:0.98/25:0.02,-1
1983,0,1,0,0,0:0.51/-1:0.3/1:0.016/65:0.016/3:0.016/36:0.016/37:0.016/40:0.016/41:0.016/11:0.016/44:0.016/13:0.016/17:0.016/18:0.016,0:0.51/-1:0.3/1:0.019/2:0.019/3:0.019/5:0.019/6:0.019/7:0.019/8:0.019/10:0.019/12:0.019/15:0.019,34,10,0:0.48/-1:0.31/3:0.21,13,1,0,0,0,2,0,8,0:0.5/-1:0.3/3:0.2,0:0.5/-1:0.3/3:0.2,17,0:0.48/-1:0.31/2:0.21,0,2,16,12,21,-1,1,0:0.5/-1:0.3/25:0.2,-1
1566,0:0.51/-1:0.3/1:0.095/3:0.095,1,0,1,0,0,0,-1:0.3/10:0.7,0:0.48/-1:0.31/3:0.21,-1:0.3/13:0.7,1,0,0:0.51/-1:0.3/1:0.038/2:0.038/3:0.038/5:0.038/6:0.038,0,2,0,8,3,3,0,0:0.48/-1:0.31/2:0.21,0,-1:0.3/2:0.7,-1:0.3/16:0.7,12,21,-1,0,25,-1
1901,0,1,0,0:0.5/-1:0.3/1:0.067/4:0.067/6:0.067,0,0:0.5/-1:0.3/1:0.02/2:0.02/3:0.02/5:0.02/6:0.02/7:0.02/8:0.02/10:0.02/12:0.02/15:0.02,0:0.5/-1:0.3/33:0.012/2:0.012/34:0.012/5:0.012/6:0.012/7:0.012/8:0.012/9:0.012/10:0.012/11:0.012/13:0.012/15:0.012/17:0.012/18:0.012/19:0.012/21:0.012/24:0.012,-1:0.3/10:0.7,3,13,-1:0.3/1:0.7,0,0,0:0.5/-1:0.3/1:0.012/2:0.012/3:0.012/4:0.012/5:0.012/6:0.012/11:0.012/13:0.012/14:0.012/18:0.012/19:0.012/22:0.012/25:0.012/26:0.012/27:0.012/28:0.012/29:0.012,2,0,8,0,0,0,2,0,2,16,-1:0.3/12:0.7,21,-1,0,0,-1
Inner228,0,0,0,0:0.03/1:0.97,0,0:0.01/15:0.99,0,10,0,0,0,0:0.02/3:0.98,0,0,2,0,0,0,0,0,0,0,0,16,0,21,4,0,0,8
Inner222,0,0,0,1,0,15,0,10,0,0,0,3,0,14,2,0,0,0,0,4,0,0,0,16,15,21,4,0,0,8
Inner221,0,0,0,1,0,15,0,10,0,0,0:0.41/1:0.59,3,0,14,2,0,0,0,0,4,0,0,0,16,15,21,4,0,0,8
Inner193,0,0,0,1,0,15,0,10,0,0,0:0.09/1:0.91,3,0,14,2,0:0.02/2:0.98,0,0:0.09/3:0.91,0,4,0:0.03/9:0.97,0,0,16,15,21,4,0,0:0.02/25:0.98,8
2020,1,0,0:0.48/-1:0.31/1:0.21,1,36,15,0,10,3,0,1,3,0,-1:0.31/14:0.69,2,2,0:0.48/-1:0.31/1:0.019/2:0.019/5:0.019/8:0.019/10:0.019/12:0.019/13:0.019/16:0.019/17:0.019/19:0.019/20:0.019,3,0:0.48/-1:0.31/1:0.017/2:0.017/3:0.017/6:0.017/7:0.017/9:0.017/10:0.017/11:0.017/14:0.017/16:0.017/18:0.017/19:0.017,4,9,6,0,16,-1:0.31/15:0.69,21,4,0,25,-1:0.31/8:0.69
Inner23,0:0.14/3:0.86,0,0,1,0,15,0,10,0,0,1,3,0,14,-1:0.93/2:0.07,2,0,3,0,4,9,0,5,16,15,21,4,0,25,8
Inner11,3,0,0,1,0,15,0,10,3,0,1,3,0,14,-1:0.95/2:0.05,2,0,3,0,4,9,0,5,16,15,21,4,0,25,8
1796,3,0,0,1,0,15,0,10,3,0:0.99/-1:0.01,1,3,0,14,-1:0.95/2:0.05,2,0,3,0,4,9,0,5,16,15,21,-1:0.01/4:0.99,0,25,8
1950,3,0,0:0.99/-1:0.01,1,0,15,0,10,3,0,1,-1:0.01/3:0.99,0,14,-1:0.95/2:0.05,2,0,3,0,4,-1:0.01/9:0.99,0,5,16,15,21,4,0,25,8
2032,0:0.12/-1:0.07/3:0.81,0,0,1,0,15,0,10,0,0,1,3,0:0.87/-1:0.07/1:0.012/2:0.012/3:0.012/5:0.012/6:0.012,14,-1:0.93/2:0.07,2,0,3,0,4,9,0,5,16,15,-1:0.07/21:0.93,4,0,25,8
Inner199,0,0,0,1,0,15,0:0.16/10:0.84,10,0,0,0:0.13/1:0.87,3,0,14,2,0,0,0,0,4,0,0,0,16,15,21,4,0,0,8
Inner217,0,0,0,1,0,15,10,10,0,0,0:0.08/1:0.92,3,0,14,2,0,0,0,0,4,0,0,0,16,15,21,4,0,0,8
2043,3,0,0:0.33/-1:0.42/1:0.25,1,0:0.33/-1:0.42/1:0.021/65:0.021/3:0.021/36:0.021/37:0.021/40:0.021/41:0.021/11:0.021/44:0.021/13:0.021/17:0.021/18:0.021,15,10,10,3,0,1,3,0,-1:0.42/14:0.58,-1:0.42/2:0.58,3,0,0,11,4,13,0:0.33/-1:0.42/1:0.017/33:0.017/3:0.017/4:0.017/5:0.017/6:0.017/2:0.017/7:0.017/15:0.017/16:0.017/17:0.017/18:0.017/20:0.017/25:0.017/30:0.017,0,16,15,21,-1:0.42/4:0.58,2,18,8
Inner212,0,0,0,1,0,15,10,10,0,0,0:0.06/1:0.94,3,0,14,2,0,0,0,0,4,0,0,0,16,15,21,4,0,0,8
Inner186,0,0,0,1,0:0.02/41:0.98,15,10,10,0,0,0:0.03/1:0.97,3,0,14,2,0,0,0,0,4,0,0:0.11/-1:0.88/1:0.001/33:0.001/3:0.001/4:0.001/5:0.001/6:0.001/2:0.001/7:0.001/15:0.001/16:0.001/17:0.001/18:0.001/20:0.001/25:0.001/30:0.001,0,16,15,21,4,0:0.48/2:0.52,0,8
1574,0,0,0,-1:0.35/1:0.65,41,15,10,10,0,0,0:0.01/-1:0.35/1:0.64,-1:0.35/3:0.65,0:0.43/-1:0.35/1:0.044/2:0.044/3:0.044/5:0.044/6:0.044,14,-1:0.35/2:0.65,0,0,1,10,4,0,0:0.05/-1:0.92/1:0.002/33:0.002/3:0.002/4:0.002/5:0.002/6:0.002/2:0.002/7:0.002/15:0.002/16:0.002/17:0.002/18:0.002/20:0.002/25:0.002/30:0.002,2,16,15,21,4,0:0.21/-1:0.35/2:0.44,0:0.43/-1:0.35/32:0.012/1:0.012/34:0.012/3:0.012/36:0.012/4:0.012/5:0.012/7:0.012/37:0.012/6:0.012/14:0.012/18:0.012/20:0.012/21:0.012/25:0.012/27:0.012/29:0.012/30:0.012,-1:0.35/8:0.65
Inner89,0,0,0,1,41,15,10,10,0,0,1,3,0,14,2,0,0,0,0,4,0:0.02/5:0.98,0:0.01/-1:0.99,0,16,15,21,4,0:0.18/2:0.82,0,8
1793,0,0,0,1,41,15,10,10,0:0.51/-1:0.29/1:0.033/2:0.033/3:0.033/4:0.033/5:0.033/6:0.033,0,1,-1:0.29/3:0.71,0,14,-1:0.29/2:0.71,0,0,0:0.51/-1:0.29/1:0.067/2:0.067/3:0.067,0,4,5,0:0.01/-1:0.99,3,16,15,21,4,0:0.09/-1:0.29/2:0.62,7,8
Inner183,0,0,0,1,41,15,10,10,0,0,1,3,0,14,2,0,0,0,0,-1:0.82/4:0.18,5,-1,0,16,15,21,4,0:0.01/2:0.99,0,8
1373,1,0:0.57/-1:0.25/1:0.045/2:0.045/3:0.045/4:0.045,0,-1:0.25/1:0.75,41,-1:0.25/15:0.75,10,10,0,0,1,3,0,14,2,0,0,0:0.57/-1:0.25/1:0.06/2:0.06/3:0.06,0:0.57/-1:0.25/1:0.015/2:0.015/3:0.015/6:0.015/7:0.015/9:0.015/10:0.015/11:0.015/14:0.015/16:0.015/18:0.015/19:0.015,-1:0.87/4:0.13,5,-1,0:0.57/-1:0.25/1:0.036/2:0.036/3:0.036/4:0.036/5:0.036,-1:0.25/16:0.75,15,21,-1:0.25/4:0.75,2,0:0.57/-1:0.25/32:0.01/1:0.01/34:0.01/3:0.01/36:0.01/4:0.01/5:0.01/7:0.01/37:0.01/6:0.01/14:0.01/18:0.01/20:0.01/21:0.01/25:0.01/27:0.01/29:0.01/30:0.01,8
Inner181,0,0,0,1,41,15,10,10,0,0,1,3,0,14,2,0,0,0,0,-1:0.9/4:0.1,5,-1,0,16,15,21,4,2,0,-1:0.44/8:0.56
Inner66,0,0,0,1,41,15,10,10,0,0,1,3,0,14,2,0,0,0,0,-1:0.94/4:0.06,5,-1,0:0.02/5:0.98,16,15,21,4,2,0,-1:0.69/8:0.31
1787,0,1,0,1,-1:0.14/41:0.86,15,10,10,0,0,1,3,0,14,2,0,0,0,0,-1:0.95/4:0.05,5,-1,5,16,15,21,4,2,0,-1:0.73/8:0.27
1764,0,0,0,-1:0.14/1:0.86,41,15,10,10,0,8,1,3,0,-1:0.14/14:0.86,2,0:0.76/-1:0.14/2:0.008/3:0.008/6:0.008/7:0.008/10:0.008/12:0.008/14:0.008/17:0.008/18:0.008/21:0.008/26:0.008/27:0.008,0,0,0:0.76/-1:0.14/1:0.008/2:0.008/3:0.008/6:0.008/7:0.008/9:0.008/10:0.008/11:0.008/14:0.008/16:0.008/18:0.008/19:0.008,-1:0.95/4:0.05,5,-1,5,16,15,21,4,-1:0.14/2:0.86,0,-1:0.73/8:0.27
1545,0,0,1,1,41,15,10,10,3,0,1,3,0:0.61/-1:0.23/1:0.032/2:0.032/3:0.032/5:0.032/6:0.032,14,2,0,0,3,0,-1:0.92/4:0.08,-1:0.23/5:0.77,-1,0,-1:0.23/16:0.77,15,21,4,2,0:0.61/-1:0.23/32:0.009/1:0.009/34:0.009/3:0.009/36:0.009/4:0.009/5:0.009/7:0.009/37:0.009/6:0.009/14:0.009/18:0.009/20:0.009/21:0.009/25:0.009/27:0.009/29:0.009/30:0.009,-1:0.57/8:0.43
Inner214,0,0,0,1,0,15,10,10,0,0,0:0.01/1:0.99,3,0,14,2,0,1,0,0,4,0,0,0,16,15,21,4,0:0.01/4:0.99,0,8
Inner219,0,0,0,1,0,15,10,10,0,0,0:0.01/1:0.99,3,0,14,2,0,1,0,0,4,0,0,0,16,15,21,4,4,0,8
Inner200,0,0,0,1,0,15,10,10,0,0,1,3,0,14,2,0,1,0:0.04/2:0.96,0:0.02/10:0.98,4,0,0,0:0.03/4:0.97,16,15,21,4,4,0,8
Inner198,0:0.23/3:0.77,0,0,1,0,15,10,10,0,0,1,3,0,14,2,0,1,0:0.01/2:0.99,10,4,0,0,4,16,15,21,4,4,0,8
1666,3,0,1,1,1,-1:0.28/15:0.72,-1:0.28/10:0.72,10,0:0.53/-1:0.28/1:0.032/2:0.032/3:0.032/4:0.032/5:0.032/6:0.032,6,-1:0.28/1:0.72,3,2,14,2,0,1,2,10,-1:0.28/4:0.72,0,0:0.53/-1:0.28/1:0.013/33:0.013/3:0.013/4:0.013/5:0.013/6:0.013/2:0.013/7:0.013/15:0.013/16:0.013/17:0.013/18:0.013/20:0.013/25:0.013/30:0.013,4,16,15,21,4,-1:0.28/4:0.72,0,8
Inner37,0:0.01/3:0.99,0,0,1,0,15,10,10,0,0,1,3,0,14,2,0,1,2,10,4,0,0,4,16,15,21,4,4,0,8
1668,3,0:0.79/-1:0.12/1:0.022/2:0.022/3:0.022/4:0.022,0:0.79/-1:0.12/1:0.09,-1:0.12/1:0.88,0,15,10,10,0,0,1,3,0,14,2,0,1,2,10,4,0,0,4,16,15,21,4,4,21,8
1365,3,0,0,1,0,15,10,10,0,0,1,3,0,14,2,0,1,2,-1:0.12/10:0.88,4,0,0,4,16,15,21,4,4,0,8
Inner88,0,0:0.03/1:0.97,0,1,0:0.34/-1:0.58/1:0.007/65:0.007/3:0.007/36:0.007/37:0.007/40:0.007/41:0.007/11:0.007/44:0.007/13:0.007/17:0.007/18:0.007,15,-1:0.58/10:0.42,10,0:0.02/3:0.98,0,1,3,0,14,2,0,1,2,0:0.01/10:0.99,-1:0.58/4:0.42,0:0.01/9:0.99,0,4,16,15,21,4,4,0:0.41/1:0.59,8
1724,0:0.69/-1:0.18/1:0.065/3:0.065,1,0,1,0:0.24/-1:0.65/1:0.009/65:0.009/3:0.009/36:0.009/37:0.009/40:0.009/41:0.009/11:0.009/44:0.009/13:0.009/17:0.009/18:0.009,15,-1:0.65/10:0.35,10,3,0,1,3,2,14,2,10,1,2,-1:0.18/10:0.82,-1:0.65/4:0.35,9,5,4,16,15,21,4,4,0:0.29/-1:0.18/1:0.53,8
976,0,1,0,1,0:0.24/-1:0.65/1:0.009/65:0.009/3:0.009/36:0.009/37:0.009/40:0.009/41:0.009/11:0.009/44:0.009/13:0.009/17:0.009/18:0.009,15,-1:0.65/10:0.35,10,3,0:0.69/-1:0.18/2:0.016/4:0.016/6:0.016/7:0.016/8:0.016/13:0.016/15:0.016/22:0.016,1,-1:0.18/3:0.82,0,14,-1:0.18/2:0.82,0,1,2,10,-1:0.65/4:0.35,9,0,4,16,15,21,4,4,1,-1:0.18/8:0.82
Inner195,0:0.37/3:0.63,0,0,1,0:0.37/36:0.63,15,10,10,0,0,1,3,0:0.28/-1:0.64/1:0.016/2:0.016/3:0.016/5:0.016/6:0.016,14,2,0,1,0:0.37/1:0.63,0,4,0,0,0,-1:0.64/16:0.36,-1:0.64/15:0.36,21,4,4,0,8
1093,0:0.24/-1:0.21/3:0.55,0,0,-1:0.21/1:0.79,36,15,10,10,0,0,1,3,0:0.18/-1:0.71/1:0.022/2:0.022/3:0.022/5:0.022/6:0.022,-1:0.21/14:0.79,2,0,1,0:0.24/-1:0.21/1:0.55,0,-1:0.21/4:0.79,0,0,0,-1:0.71/16:0.29,-1:0.71/15:0.29,21,4,4,0,8
988,3,0,0:0.64/-1:0.21/1:0.15,1,0:0.24/-1:0.21/36:0.55,15,-1:0.21/10:0.79,10,0,0,1,3,0:0.18/-1:0.71/1:0.022/2:0.022/3:0.022/5:0.022/6:0.022,14,2,0,1,1,0:0.64/-1:0.21/1:0.012/2:0.012/3:0.012/6:0.012/7:0.012/9:0.012/10:0.012/11:0.012/14:0.012/16:0.012/18:0.012/19:0.012,4,0:0.64/-1:0.21/1:0.015/2:0.015/5:0.015/6:0.015/7:0.015/9:0.015/13:0.015/14:0.015/15:0.015/20:0.015,0,0,-1:0.71/16:0.29,-1:0.71/15:0.29,21,-1:0.21/4:0.79,4,32,8
Inner25,0,0:0.06/1:0.94,0,1,0,-1:0.78/15:0.22,10,10,0,0,0:0.01/1:0.99,3,0:0.18/-1:0.78/1:0.008/2:0.008/3:0.008/5:0.008/6:0.008,14,2,0:0.02/17:0.98,1,0,0,4,0:0.18/-1:0.78/1:0.004/2:0.004/5:0.004/6:0.004/7:0.004/9:0.004/13:0.004/14:0.004/15:0.004/20:0.004,0,0,16,15,21,4,4,0:0.49/36:0.51,8
Inner4,0,1,0,1,0,-1:0.94/15:0.06,10,10,0:0.02/5:0.98,0,1,3,0:0.04/-1:0.94/1:0.004/2:0.004/3:0.004/5:0.004/6:0.004,14,2,17,1,0,18,4,0:0.04/-1:0.94/1:0.002/2:0.002/5:0.002/6:0.002/7:0.002/9:0.002/13:0.002/14:0.002/15:0.002/20:0.002,0,0,16,15,-1:0.72/21:0.28,4,4,36,8
1763,0,-1:0.01/1:0.99,0,1,0,-1:0.94/15:0.06,10,10,5,0,-1:0.01/1:0.99,3,0:0.04/-1:0.94/1:0.004/2:0.004/3:0.004/5:0.004/6:0.004,14,2,17,1,0,18,4,0:0.04/-1:0.94/1:0.002/2:0.002/5:0.002/6:0.002/7:0.002/9:0.002/13:0.002/14:0.002/15:0.002/20:0.002,0,0,16,15,-1:0.72/21:0.28,4,4,36,8
1762,0,1,0,1,0,-1:0.94/15:0.06,10,10,0:0.02/-1:0.01/5:0.97,0,1,3,0:0.04/-1:0.94/1:0.004/2:0.004/3:0.004/5:0.004/6:0.004,14,-1:0.01/2:0.99,17,-1:0.01/1:0.99,0,18,4,0:0.04/-1:0.94/1:0.002/2:0.002/5:0.002/6:0.002/7:0.002/9:0.002/13:0.002/14:0.002/15:0.002/20:0.002,0:0.99/-1:0.01,0,16,15,-1:0.72/21:0.28,4,4,36,8
1784,0,1,0:0.57/-1:0.26/1:0.17,1,0,-1:0.84/15:0.16,10,10,3,0,-1:0.26/1:0.74,3,0:0.1/-1:0.84/1:0.012/2:0.012/3:0.012/5:0.012/6:0.012,14,2,17,-1:0.26/1:0.74,0,16,4,0:0.1/-1:0.84/1:0.006/2:0.006/5:0.006/6:0.006/7:0.006/9:0.006/13:0.006/14:0.006/15:0.006/20:0.006,1,0,16,15,21,4,4,0:0.28/-1:0.26/36:0.46,8
1583,0:0.33/-1:0.42/1:0.125/3:0.125,1,0,1,0,15,0:0.05/-1:0.42/10:0.53,10,0:0.33/-1:0.42/1:0.042/2:0.042/3:0.042/4:0.042/5:0.042/6:0.042,0,0:0.04/-1:0.42/1:0.54,-1:0.42/3:0.58,0,14,2,0,0,0:0.33/-1:0.42/1:0.083/2:0.083/3:0.083,0:0.33/-1:0.42/1:0.021/2:0.021/3:0.021/6:0.021/7:0.021/9:0.021/10:0.021/11:0.021/14:0.021/16:0.021/18:0.021/19:0.021,4,0:0.33/-1:0.42/1:0.025/2:0.025/5:0.025/6:0.025/7:0.025/9:0.025/13:0.025/14:0.025/15:0.025/20:0.025,0:0.33/-1:0.42/1:0.017/33:0.017/3:0.017/4:0.017/5:0.017/6:0.017/2:0.017/7:0.017/15:0.017/16:0.017/17:0.017/18:0.017/20:0.017/25:0.017/30:0.017,0:0.33/-1:0.42/1:0.05/2:0.05/3:0.05/4:0.05/5:0.05,16,-1:0.42/15:0.58,21,4,0,27,8
Inner218,0,0,0,1,0,15,0,10,0,0,0,3,0,14,2,0,0,0:0.08/3:0.92,0,4,0,0,0:0.04/1:0.96,16,15,21,4,0,0,8
Inner211,0,0:0.09/1:0.91,0:0.12/1:0.88,1,0,15,0,10,0,0,0,3,0,14,2,0,0:0.08/17:0.92,3,0,4,0,0,1,16,15,21,4,0,0,8
Inner194,0,0:0.09/1:0.91,0:0.11/1:0.89,1,0,15,0,10,0,0,0,3,0,14,2,0,0:0.05/17:0.95,3,0,4,0:0.97/9:0.03,0,1,16,15,21,4,0,0,8
1487,0:0.46/-1:0.33/1:0.105/3:0.105,0:0.04/-1:0.33/1:0.63,1,-1:0.33/1:0.67,0:0.46/-1:0.33/1:0.017/65:0.017/3:0.017/36:0.017/37:0.017/40:0.017/41:0.017/11:0.017/44:0.017/13:0.017/17:0.017/18:0.017,15,0:0.46/-1:0.33/33:0.012/2:0.012/34:0.012/5:0.012/6:0.012/7:0.012/8:0.012/9:0.012/10:0.012/11:0.012/13:0.012/15:0.012/17:0.012/18:0.012/19:0.012/21:0.012/24:0.012,10,0,7,0,3,3,14,2,0:0.46/-1:0.33/2:0.017/3:0.017/6:0.017/7:0.017/10:0.017/12:0.017/14:0.017/17:0.017/18:0.017/21:0.017/26:0.017/27:0.017,17,3,0,-1:0.33/4:0.67,0:0.45/-1:0.33/9:0.22,0,1,16,15,-1:0.33/21:0.67,4,0,0,-1:0.33/8:0.67
Inner120,0,1,0:0.01/1:0.99,1,0,15,0,10,0,0,0,3,2,14,2,0,0:0.02/17:0.98,3,0,4,9,0,1,16,15,21,4,0:0.02/2:0.98,0,8
1833,0,1,1,1,0,15,0,10,0:0.7/-1:0.17/1:0.022/2:0.022/3:0.022/4:0.022/5:0.022/6:0.022,0,0,3,2,14,2,0,17,3,0,4,9,0,1,16,-1:0.17/15:0.83,21,4,2,0,8
Inner98,0,1,0:0.01/1:0.99,1,0,15,0,-1:0.03/10:0.97,0,0,0,3,2,14,2,0,0:0.02/-1:0.03/17:0.95,3,0,4,9,0:0.97/3:0.03,1,16,15,21,4,0:0.02/2:0.98,0,8
1660,0,1,1,1,0,15,0,-1:0.19/10:0.81,0,0,1,3,2,-1:0.17/14:0.83,2,0,0:0.01/-1:0.19/17:0.8,3,2,4,9,3,1,16,15,21,4,0:0.01/-1:0.17/2:0.82,0,8
1832,0,-1:0.17/1:0.83,0:0.01/-1:0.17/1:0.82,1,0,15,0,-1:0.19/10:0.81,6,0,0,3,2,14,2,0:0.71/-1:0.17/2:0.01/3:0.01/6:0.01/7:0.01/10:0.01/12:0.01/14:0.01/17:0.01/18:0.01/21:0.01/26:0.01/27:0.01,0:0.01/-1:0.19/17:0.8,3,0,4,9,0:0.69/-1:0.17/3:0.14,1,16,15,21,4,2,0,8
Inner52,0,1,1,1,0,15,0,10,0:0.03/-1:0.95/1:0.003/2:0.003/3:0.003/4:0.003/5:0.003/6:0.003,0,0,3,0,14,2,14,-1:0.95/17:0.05,3,3,4,0:0.05/20:0.95,0,1,16,15,21,4,0,0,8
2013,0,1,1,1,0,15,0:0.94/-1:0.03/33:0.002/2:0.002/34:0.002/5:0.002/6:0.002/7:0.002/8:0.002/9:0.002/10:0.002/11:0.002/13:0.002/15:0.002/17:0.002/18:0.002/19:0.002/21:0.002/24:0.002,10,0:0.03/-1:0.96/1:0.002/2:0.002/3:0.002/4:0.002/5:0.002/6:0.002,0:0.94/-1:0.03/2:0.004/4:0.004/6:0.004/7:0.004/8:0.004/13:0.004/15:0.004/22:0.004,0,3,0,14,2,14,-1:0.96/17:0.04,3,3,4,0:0.04/-1:0.03/20:0.93,0,-1:0.03/1:0.97,16,15,21,4,0,0,8
Inner1,0:0.82/-1:0.16/1:0.01/3:0.01,1,1,1,0,15,0,10,0:0.03/-1:0.96/1:0.002/2:0.002/3:0.002/4:0.002/5:0.002/6:0.002,0,0,3,0,14,2,14,-1:0.96/17:0.04,3,3,4,20,0,1,16,15,21,-1:0.16/4:0.84,0,0,8
2012,0:0.81/-1:0.16/1:0.015/3:0.015,1,1,1,0,15,0,10,0:0.03/-1:0.96/1:0.002/2:0.002/3:0.002/4:0.002/5:0.002/6:0.002,0,0,3,0,14,2,14,-1:0.96/17:0.04,3,3,4,20,0,1,16,15,21,-1:0.16/4:0.84,0,0,-1:0.01/8:0.99
2006,0:0.81/-1:0.16/1:0.015/3:0.015,1,-1:0.01/1:0.99,1,0,15,0,10,0:0.03/-1:0.96/1:0.002/2:0.002/3:0.002/4:0.002/5:0.002/6:0.002,0,0,3,0,-1:0.01/14:0.99,2,14,-1:0.96/17:0.04,3,3,4,20,0,1,16,15,21,-1:0.16/4:0.84,0,0,8
Inner197,0,0,0,1,0:0.03/36:0.97,15,0,10,0:0.1/-1:0.89/1:0.002/2:0.002/3:0.002/4:0.002/5:0.002/6:0.002,0,0,3,0,14,2,0,0:0.03/16:0.97,0:0.01/3:0.99,0,4,0,0,1,16,15,21,4,0,0,8
Inner64,0,0,0,1,36,15,0,10,0:0.01/-1:0.98/1:0.002/2:0.002/3:0.002/4:0.002/5:0.002/6:0.002,0,0,3,0,14,2,0:0.01/3:0.99,16,3,7,4,0:0.01/9:0.99,6,1,16,-1:0.78/15:0.22,21,4,0,0:0.01/14:0.99,8
1042,0,0:0.99/-1:0.01,0,1,36,15,0,10,0:0.01/-1:0.98/1:0.002/2:0.002/3:0.002/4:0.002/5:0.002/6:0.002,0,0,-1:0.01/3:0.99,0,14,2,3,16,3,7,4,0:0.01/-1:0.01/9:0.98,6,1,16,-1:0.78/15:0.22,21,4,0:0.99/-1:0.01,14,8
1043,0,0,0,-1:0.01/1:0.99,36,15,0,10,0:0.01/-1:0.98/1:0.002/2:0.002/3:0.002/4:0.002/5:0.002/6:0.002,0,0,3,0:0.99/-1:0.01,14,2,0:0.01/-1:0.01/3:0.98,16,3,7,4,9,6,1,16,-1:0.78/15:0.22,21,-1:0.01/4:0.99,0,0:0.01/-1:0.01/14:0.98,8
Inner182,0:0.43/3:0.57,0,0,1,36,15,0,10,0:0.01/-1:0.98/1:0.002/2:0.002/3:0.002/4:0.002/5:0.002/6:0.002,0,0:0.11/1:0.89,-1:0.82/3:0.18,0,14,2,0,16,3,0,4,0,0,1,16,15,21,4,0:0.02/2:0.98,0,8
1921,3,0:0.68/-1:0.19/1:0.033/2:0.033/3:0.033/4:0.033,0,-1:0.19/1:0.81,36,-1:0.19/15:0.81,0,10,0:0.01/-1:0.98/1:0.002/2:0.002/3:0.002/4:0.002/5:0.002/6:0.002,0,1,-1:0.85/3:0.15,0,14,2,0,16,3,0,4,0:0.68/-1:0.19/1:0.013/2:0.013/5:0.013/6:0.013/7:0.013/9:0.013/13:0.013/14:0.013/15:0.013/20:0.013,0,1,16,15,21,4,2,0,8
Inner67,0:0.14/-1:0.62/3:0.24,0,0,1,36,15,2,10,-1:0.99/1:0.002/2:0.002/3:0.002/4:0.002/5:0.002/6:0.002,0,1,-1:0.93/3:0.07,0:0.03/2:0.97,14,-1:0.62/2:0.38,0,16,3,0,4,0,0,1,16,15,21,4,2,0,8
1953,0:0.13/-1:0.63/3:0.24,0,0,1,-1:0.01/36:0.99,15,2,10,-1:0.99/1:0.002/2:0.002/3:0.002/4:0.002/5:0.002/6:0.002,0,1,-1:0.93/3:0.07,2,14,-1:0.63/2:0.37,0,16,3,0,4,0,0,1,-1:0.01/16:0.99,15,21,4,-1:0.01/2:0.99,0,8
1952,0:0.13/-1:0.63/3:0.24,0,0:0.99/-1:0.01,1,36,15,2,10,-1:0.99/1:0.002/2:0.002/3:0.002/4:0.002/5:0.002/6:0.002,0,1,-1:0.93/3:0.07,0:0.02/-1:0.01/2:0.97,-1:0.01/14:0.99,-1:0.63/2:0.37,0,16,3,0,-1:0.01/4:0.99,0,0,1,16,-1:0.01/15:0.99,21,4,2,0,8
Inner224,0,0,0,1,0,15,0,10,0,0,0,3,0,0,2,0,0,0,0,38,0,0,0,16,0,21,4,0,-1,8
Inner196,0,0,0,1,3,15,24,10,0,0:0.01/7:0.99,0,3,0,0,2,18,0,0,0,38,0,0,0,16,0:0.03/-1:0.96/1:0.001/4:0.001/5:0.001/8:0.001/12:0.001/15:0.001/16:0.001/17:0.001/21:0.001/30:0.001,21,4,0,-1,8
Inner139,0,0,0,1,3,15,24,10,0,7,0,3,0:0.28/2:0.72,0,2,18,0,0,0,38,0,0,0,16,0:0.02/-1:0.97/1:0.001/4:0.001/5:0.001/8:0.001/12:0.001/15:0.001/16:0.001/17:0.001/21:0.001/30:0.001,21,4,0,-1,8
1165,0,0,1,1,3,15,24,-1:0.29/10:0.71,0,7,0,-1:0.29/3:0.71,2,13,2,18,0,0,9,38,0,0:0.52/-1:0.29/1:0.013/33:0.013/3:0.013/4:0.013/5:0.013/6:0.013/2:0.013/7:0.013/15:0.013/16:0.013/17:0.013/18:0.013/20:0.013/25:0.013/30:0.013,0,16,0:0.01/-1:0.98/1:0.001/4:0.001/5:0.001/8:0.001/12:0.001/15:0.001/16:0.001/17:0.001/21:0.001/30:0.001,21,4,5,-1,8
1045,1,0,0,1,3,15,24,10,0,7,0,3,2,0,2,18,10,0:0.52/-1:0.29/1:0.063/2:0.063/3:0.063,0,38,7,0,0,16,0:0.01/-1:0.98/1:0.001/4:0.001/5:0.001/8:0.001/12:0.001/15:0.001/16:0.001/17:0.001/21:0.001/30:0.001,21,4,2,-1,8
Inner158,0:0.19/3:0.81,0,0,1,3,15,24,10,0,7,0,3,0:0.68/1:0.32,0,2,18,0:0.57/-1:0.37/1:0.005/2:0.005/5:0.005/8:0.005/10:0.005/12:0.005/13:0.005/16:0.005/17:0.005/19:0.005/20:0.005,0,0,38,0,0,0,16,0:0.02/-1:0.98,21,4,0,-1,8
1726,3,1,0,1,3,15,-1:0.24/24:0.76,-1:0.24/10:0.76,0,7,0,-1:0.24/3:0.76,1,0,2,18,0:0.33/-1:0.52/1:0.014/2:0.014/5:0.014/8:0.014/10:0.014/12:0.014/13:0.014/16:0.014/17:0.014/19:0.014/20:0.014,0,0,38,0,18,0:0.59/-1:0.24/1:0.034/2:0.034/3:0.034/4:0.034/5:0.034,16,0:0.01/-1:0.98/1:0.001/4:0.001/5:0.001/8:0.001/12:0.001/15:0.001/16:0.001/17:0.001/21:0.001/30:0.001,21,4,0,-1,8
1094,3,0,0,1,-1:0.24/3:0.76,15,24,10,0,-1:0.24/7:0.76,0,3,0:0.4/-1:0.24/1:0.36,0,-1:0.24/2:0.76,-1:0.24/18:0.76,0:0.33/-1:0.52/1:0.014/2:0.014/5:0.014/8:0.014/10:0.014/12:0.014/13:0.014/16:0.014/17:0.014/19:0.014/20:0.014,1,0,38,0,0,0,-1:0.24/16:0.76,0:0.01/-1:0.98/1:0.001/4:0.001/5:0.001/8:0.001/12:0.001/15:0.001/16:0.001/17:0.001/21:0.001/30:0.001,21,4,0,-1,8
Inner220,0,0,0,1,0,15,0,10,0,0,0,3,0,0,2,0,0,0,0,38,0,0,0,16,0,21,4,0,-1,8
Inner213,0,0,0:0.03/1:0.97,1,0,15,0,10,0,0,0,3,0,0,2,0,0,0,7,38,0,0,0,16,0,21,4,0,-1,8
1607,3,0,1,1,0,15,11,10,0:0.4/-1:0.37/1:0.038/2:0.038/3:0.038/4:0.038/5:0.038/6:0.038,0,0,3,5,0,2,7,20,0,7,38,0,0,0:0.4/-1:0.37/1:0.046/2:0.046/3:0.046/4:0.046/5:0.046,16,4,21,4,0:0.4/-1:0.37/1:0.046/2:0.046/3:0.046/4:0.046/5:0.046,-1,8
Inner210,0,0,0:0.02/1:0.98,1,0,15,0,10,0,0,0,3,0,0,2,0,0,0,7,38,0,0,0,16,0,21,4,0,-1,8
Inner190,0,0,0:0.02/1:0.98,1,0,15,0,10,0,0,0,3,0,0,2,0,0,0,7,38,0:0.99/14:0.01,0,0,16,0,21,4,0,-1,8
Inner99,0,0,1,1,0,15,0,10,0,0,0,3,0,0,2,0,0,0,7,38,14,0,0,16,30,21,4,0,-1,8
1490,0,0,1,1,0,15,0,10,0,0,0,3,0,0,2,0,0,0:0.9/-1:0.05/1:0.017/2:0.017/3:0.017,7,38,14,0,0,16,30,21,4,0,-1,8
Inner35,0,0,1,1,0,15,0,10,0,0,0,3,0:0.95/-1:0.04/1:0.002/2:0.002/3:0.002/5:0.002/6:0.002,0,2,0,0,0,7,38,14,0,0,16,30,21,4,0,-1,8
1491,0,0,1,1,0,15,0,10,0:0.91/-1:0.05/1:0.007/2:0.007/3:0.007/4:0.007/5:0.007/6:0.007,0,0,3,0:0.87/-1:0.09/1:0.008/2:0.008/3:0.008/5:0.008/6:0.008,0,2,0:0.91/-1:0.05/2:0.003/3:0.003/6:0.003/7:0.003/10:0.003/12:0.003/14:0.003/17:0.003/18:0.003/21:0.003/26:0.003/27:0.003,0,0,7,38,14,0,0,16,-1:0.05/30:0.95,21,4,0,-1,8
1754,0,0,1,1,0,15,0,10,0,22,0:0.91/-1:0.05/1:0.04,3,0:0.87/-1:0.09/1:0.008/2:0.008/3:0.008/5:0.008/6:0.008,0:0.91/-1:0.05/1:0.002/2:0.002/3:0.002/4:0.002/5:0.002/6:0.002/11:0.002/13:0.002/14:0.002/18:0.002/19:0.002/22:0.002/25:0.002/26:0.002/27:0.002/28:0.002/29:0.002,2,0,0,0,-1:0.05/7:0.95,38,-1:0.05/14:0.95,0,0,16,30,21,4,0,-1,8
1332,0,0:0.41/-1:0.36/1:0.058/2:0.058/3:0.058/4:0.058,1,1,0:0.41/-1:0.36/1:0.019/65:0.019/3:0.019/36:0.019/37:0.019/40:0.019/41:0.019/11:0.019/44:0.019/13:0.019/17:0.019/18:0.019,15,0,10,0,0,0,3,5,25,-1:0.36/2:0.64,26,13,1,7,38,0:0.4/-1:0.36/14:0.24,0,0,16,0,21,4,0,-1,8
Inner202,0,0,0:0.01/1:0.99,1,0,15,0,10,0,0,0,3,0,0,2,0:0.03/12:0.97,0,0,7,38,0,0,0,16,0,21,4,0,-1,8
Inner189,0,0:0.14/1:0.86,0:0.01/1:0.99,1,0,15,0,10,0,0,0,3,0,0,2,12,0,0,7,38,0,0,0,16,0,21,4,0,-1,8
1598,0,1,-1:0.33/1:0.67,1,0,15,0,10,0,0,0:0.46/-1:0.33/1:0.21,-1:0.33/3:0.67,2,0,2,12,5,1,7,38,0,0:0.46/-1:0.33/1:0.014/33:0.014/3:0.014/4:0.014/5:0.014/6:0.014/2:0.014/7:0.014/15:0.014/16:0.014/17:0.014/18:0.014/20:0.014/25:0.014/30:0.014,0,16,0,21,4,0,-1,8
Inner187,0,0:0.01/1:0.99,1,1,0,15,0,10,0:0.02/3:0.98,0,0,3,0,0,2,12,0,0,7,38,0,0,0,16,0:0.01/21:0.99,21,4,0,-1,8
Inner107,0,1,1,1,0,15,0:0.02/-1:0.97/33:0.001/2:0.001/34:0.001/5:0.001/6:0.001/7:0.001/8:0.001/9:0.001/10:0.001/11:0.001/13:0.001/15:0.001/17:0.001/18:0.001/19:0.001/21:0.001/24:0.001,10,3,0,0,3,0,0,2,12,0,0,7,38,0,0,2,16,21,21,4,0,-1,8
Inner156,0,1,1,-1:0.03/1:0.97,0,-1:0.03/15:0.97,0:0.02/-1:0.98,10,3,0,0,3,0,0,2,12,0,0,7,38,0:0.98/1:0.02,0,2,16,21,21,4,0,-1,8
1302,0,1,1,-1:0.26/1:0.74,0,-1:0.26/15:0.74,0:0.01/-1:0.98/33:0.001/2:0.001/34:0.001/5:0.001/6:0.001/7:0.001/8:0.001/9:0.001/10:0.001/11:0.001/13:0.001/15:0.001/17:0.001/18:0.001/19:0.001/21:0.001/24:0.001,-1:0.24/10:0.76,3,0,0,3,0,1,2,12,0,0,7,38,0:0.58/-1:0.24/1:0.18,0,2,-1:0.24/16:0.76,21,21,4,2,-1,8
1193,3,1,1,-1:0.26/1:0.74,0,-1:0.26/15:0.74,0:0.01/-1:0.98/33:0.001/2:0.001/34:0.001/5:0.001/6:0.001/7:0.001/8:0.001/9:0.001/10:0.001/11:0.001/13:0.001/15:0.001/17:0.001/18:0.001/19:0.001/21:0.001/24:0.001,10,-1:0.24/3:0.76,0,1,3,0:0.6/-1:0.24/1:0.032/2:0.032/3:0.032/5:0.032/6:0.032,0,2,12,0,2,7,-1:0.24/38:0.76,1,0,2,16,21,-1:0.24/21:0.76,4,0,-1,8
Inner90,0,1,1,1,0,15,0:0.01/-1:0.99,10,3,0,0,3,0,0,2,12,0,0,7,-1:0.49/38:0.51,0:0.88/20:0.12,0,2,16,21,21,4,0,-1,8
1035,0,1,1,1,0,15,0:0.01/-1:0.99,10,3,15,0,3,0:0.62/-1:0.22/1:0.032/2:0.032/3:0.032/5:0.032/6:0.032,2,2,-1:0.22/12:0.78,0,0:0.62/-1:0.22/1:0.053/2:0.053/3:0.053,7,-1:0.6/38:0.4,20,0:0.62/-1:0.22/1:0.011/33:0.011/3:0.011/4:0.011/5:0.011/6:0.011/2:0.011/7:0.011/15:0.011/16:0.011/17:0.011/18:0.011/20:0.011/25:0.011/30:0.011,2,16,21,21,4,0,-1,8
Inner157,0:0.95/-1:0.04/1:0.005/3:0.005,1,1,1,0,15,0:0.01/-1:0.99,10,3,0,0,3,0,0,2,12,0,0,7,-1:0.51/38:0.49,0:0.84/-1:0.04/20:0.12,0,2,16,21,21,4,0,-1,8
1349,0:0.6/-1:0.25/1:0.075/3:0.075,-1:0.21/1:0.79,1,1,0,15,0:0.01/-1:0.99,10,3,0,0,3,0:0.63/-1:0.21/1:0.032/2:0.032/3:0.032/5:0.032/6:0.032,0,-1:0.21/2:0.79,-1:0.21/12:0.79,0,0,7,-1:0.61/38:0.39,0:0.53/-1:0.25/20:0.22,0,-1:0.21/2:0.79,16,21,21,4,2,-1,8
1523,0:0.6/-1:0.25/1:0.075/3:0.075,1,1,1,0,15,0:0.01/-1:0.99,10,3,0,0:0.63/-1:0.21/1:0.16,3,0,1,2,12,0,3,7,-1:0.61/38:0.39,0:0.53/-1:0.25/20:0.22,0,2,16,21,21,4,0,-1,8
Inner77,0,1,1,1,0,15,0,10,3,0,0:0.03/1:0.97,3,0,0,2,12,0,0,7,38,0,20,0,16,21,21,4,0,-1,8
1483,0:0.82/-1:0.1/1:0.04/3:0.04,1,1,-1:0.1/1:0.9,0,15,0,10,3,0,1,3,0,0,2,12,0,0:0.82/-1:0.1/1:0.027/2:0.027/3:0.027,7,38,0,20,0,16,21,21,4,0,-1,8
1482,0,1,-1:0.1/1:0.9,1,0,15,34,10,3,0,1,3,0,0,2,12,0:0.82/-1:0.1/1:0.007/2:0.007/5:0.007/8:0.007/10:0.007/12:0.007/13:0.007/16:0.007/17:0.007/19:0.007/20:0.007,0,7,38,0:0.82/-1:0.1/1:0.008/2:0.008/5:0.008/6:0.008/7:0.008/9:0.008/13:0.008/14:0.008/15:0.008/20:0.008,20,0,-1:0.1/16:0.9,21,21,4,0,-1,8
1424,0,3,1,1,0,15,0,10,3,0:0.43/-1:0.35/2:0.028/4:0.028/6:0.028/7:0.028/8:0.028/13:0.028/15:0.028/22:0.028,0:0.43/-1:0.35/1:0.22,3,0:0.43/-1:0.35/1:0.044/2:0.044/3:0.044/5:0.044/6:0.044,0:0.43/-1:0.35/1:0.013/2:0.013/3:0.013/4:0.013/5:0.013/6:0.013/11:0.013/13:0.013/14:0.013/18:0.013/19:0.013/22:0.013/25:0.013/26:0.013/27:0.013/28:0.013/29:0.013,2,12,0,0,7,-1:0.35/38:0.65,0:0.43/-1:0.35/1:0.022/2:0.022/5:0.022/6:0.022/7:0.022/9:0.022/13:0.022/14:0.022/15:0.022/20:0.022,0,2,16,1,21,-1:0.35/4:0.65,0,-1,-1:0.35/8:0.65
Inner216,0:0.05/-1:0.95,0,0,1,0,15,0,10,0,0,0:0.31/1:0.69,3,0,0,2,0,0,0,0,38,0,0,0,16,0,21,4,0,-1,8
Inner215,-1,0,0,1,0,15,0,10,0:0.04/3:0.96,0,0:0.1/1:0.9,3,0,0,2,0:0.73/3:0.27,0,0,0,38,0,0,0:0.05/-1:0.95,16,0,21,4,0,-1,8
Inner192,-1,0,0,1,0,15,0,10,3,0,0:0.05/1:0.95,3,0,0,2,0:0.1/-1:0.85/3:0.05,0,0,0,38,0,0,0:0.01/-1:0.99,16,0,21,4,0:0.02/1:0.98,-1,8
Inner24,-1,0,0:0.01/1:0.99,1,11,15,0:0.01/2:0.99,10,3,0:0.15/-1:0.78/2:0.009/4:0.009/6:0.009/7:0.009/8:0.009/13:0.009/15:0.009/22:0.009,0:0.01/-1:0.78/1:0.21,3,0,0,2,0:0.02/-1:0.97/3:0.01,20,0:0.01/1:0.99,0,38,0,0:0.15/-1:0.78/1:0.005/33:0.005/3:0.005/4:0.005/5:0.005/6:0.005/2:0.005/7:0.005/15:0.005/16:0.005/17:0.005/18:0.005/20:0.005/25:0.005/30:0.005,-1,16,0,21,4,1,-1,8
1718,-1,0,0:0.01/-1:0.01/1:0.98,-1:0.01/1:0.99,11,15,2,10,3,0:0.15/-1:0.78/2:0.009/4:0.009/6:0.009/7:0.009/8:0.009/13:0.009/15:0.009/22:0.009,0:0.01/-1:0.78/1:0.21,3,0,0,2,0:0.02/-1:0.97/3:0.01,20,0:0.01/-1:0.01/1:0.98,0,38,0,0:0.15/-1:0.78/1:0.005/33:0.005/3:0.005/4:0.005/5:0.005/6:0.005/2:0.005/7:0.005/15:0.005/16:0.005/17:0.005/18:0.005/20:0.005/25:0.005/30:0.005,-1,16,0,21,4,1,-1,8
1719,-1,0,1,1,11,15,0:0.01/-1:0.01/2:0.98,10,3,0:0.15/-1:0.78/2:0.009/4:0.009/6:0.009/7:0.009/8:0.009/13:0.009/15:0.009/22:0.009,0:0.01/-1:0.78/1:0.21,3,0,0,2,0:0.02/-1:0.97/3:0.01,20,1,0,-1:0.01/38:0.99,0,0:0.15/-1:0.78/1:0.005/33:0.005/3:0.005/4:0.005/5:0.005/6:0.005/2:0.005/7:0.005/15:0.005/16:0.005/17:0.005/18:0.005/20:0.005/25:0.005/30:0.005,-1,16,0,21,4,1,-1,8
Inner131,-1,0,0,1,0,-1:0.02/15:0.98,0,10,3,0,0:0.05/1:0.95,3,0,0,2,0:0.1/-1:0.85/3:0.05,0:0.98/2:0.02,0,0,38,0,0,0:0.01/-1:0.99,16,0,21,4,0:0.01/1:0.99,-1,8
2029,-1,0,1,1,0,-1:0.34/15:0.66,0,10,3,0,1,3,6,5,2,0:0.05/-1:0.9/3:0.05,0:0.46/-1:0.32/2:0.22,0,0,38,0,6,-1:0.99/1:0.002/2:0.002/3:0.002/4:0.002/5:0.002,16,0,21,4,1,-1,8
1159,-1,0:0.47/-1:0.32/1:0.052/2:0.052/3:0.052/4:0.052,0,1,40,-1:0.34/15:0.66,0,-1:0.32/10:0.68,3,0,1,3,0,0,2,0:0.05/-1:0.9/3:0.05,2,0,0,38,0,0,-1:0.99/1:0.002/2:0.002/3:0.002/4:0.002/5:0.002,16,1,-1:0.32/21:0.68,4,1,-1,8
Inner191,-1,0,0:0.04/1:0.96,1,0,15,0,10,3,0,1,3,0,0,2,3,10,0,3,38,20,0,-1,16,16,21,4,0,-1,8
Inner34,-1,0,1,1,0,15,0,10,3,0,1,3,2,0,2,3,10,0,3,38,20,16,-1,16,16,21,4,0,-1,8
1262,-1,0,-1:0.01/1:0.99,1,0:0.99/-1:0.01,15,0,10,3,0,1,-1:0.01/3:0.99,2,0,2,3,10,0,3,38,20,16,-1,16,-1:0.01/16:0.99,21,4,0,-1,8
1263,-1,0,1,1,0,15,0,10,3,0,1,3,2,0,2,3,-1:0.01/10:0.99,0,3,38,20,16,-1,16,16,21,4,0:0.99/-1:0.01,-1,-1:0.01/8:0.99
Inner130,-1,0:0.02/1:0.98,0:0.01/1:0.99,1,0,15,0,10,3,0,1,3,0,0,2,3,10,0,3,38,20,0,-1,16,16,21,4,0,-1,8
1406,-1,1,1,1,0,15,11,10,3,0:0.67/-1:0.19/2:0.018/4:0.018/6:0.018/7:0.018/8:0.018/13:0.018/15:0.018/22:0.018,1,3,0,0,2,3,10,0:0.67/-1:0.19/1:0.047/2:0.047/3:0.047,3,38,20,0,-1,-1:0.19/16:0.81,16,21,4,0:0.67/-1:0.19/1:0.028/2:0.028/3:0.028/4:0.028/5:0.028,-1,8
Inner97,-1,1,0:0.01/1:0.99,1,0,15,0,10,3,0,1,3,0,0,2,3,10,0,3,-1:0.38/38:0.62,20,0,-1,16,16,21,4,0,-1,8
1251,-1,1,-1:0.18/1:0.82,1,0,-1:0.18/15:0.82,0,10,-1:0.18/3:0.82,0,1,3,0,14,2,3,-1:0.18/10:0.82,0:0.69/-1:0.18/1:0.043/2:0.043/3:0.043,-1:0.18/3:0.82,-1:0.49/38:0.51,20,0,-1,16,16,21,4,2,-1,8
Inner33,-1,1,1,1,0,15,0,10,3,0,1,-1:0.18/3:0.82,0,0,2,3,10,0,3,-1:0.5/38:0.5,20,0,-1,16,16,21,4,0,-1,-1:0.18/8:0.82
1079,-1,1,1,1,0,15,0:0.74/-1:0.15/33:0.006/2:0.006/34:0.006/5:0.006/6:0.006/7:0.006/8:0.006/9:0.006/10:0.006/11:0.006/13:0.006/15:0.006/17:0.006/18:0.006/19:0.006/21:0.006/24:0.006,10,3,0,1,-1:0.31/3:0.69,0,13,2,3,10,0:0.74/-1:0.15/1:0.037/2:0.037/3:0.037,3,-1:0.57/38:0.43,-1:0.15/20:0.85,0,-1,16,16,21,4,2,-1,-1:0.31/8:0.69
1190,-1,1,1,1,0,-1:0.15/15:0.85,0,-1:0.15/10:0.85,3,0,1,-1:0.31/3:0.69,0,0,2,3,10,0,3,-1:0.57/38:0.43,20,0,-1,16,16,21,4,0,-1,-1:0.31/8:0.69
Inner188,0:0.01/-1:0.99,0:0.5/1:0.5,0,1,0,15,0,10,0,0,0:0.09/1:0.91,3,0,0,2,0:0.02/18:0.98,0,0:0.16/-1:0.81/1:0.01/2:0.01/3:0.01,0,38,0,0,0,16,0,21,4,0,-1,8
983,-1:0.99/1:0.005/3:0.005,0:0.24/-1:0.31/1:0.45,0,1,0,15,0,-1:0.31/10:0.69,0,8,1,3,0,0,2,18,0,0:0.08/-1:0.87/1:0.017/2:0.017/3:0.017,0,38,9,0,4,16,0,21,4,0:0.49/-1:0.31/1:0.04/2:0.04/3:0.04/4:0.04/5:0.04,-1,8
Inner95,-1,0:0.01/1:0.99,0,1,0,15,0,10,0,0,0:0.03/1:0.97,3,0:0.3/2:0.7,0,2,18,0,0:0.02/-1:0.98,16,38,14,0,0,16,0,21,4,0,-1,8
Inner32,-1,1,0,1,0,15,0,10,5,0,1,3,2,0,2,18,0,0:0.01/-1:0.99,16,38,14,0,0,16,0,21,4,0,-1,8
1973,-1,1,0,1,0,15,0,10,5,0,-1:0.01/1:0.99,-1:0.01/3:0.99,2,0,2,18,0,0:0.01/-1:0.99,16,-1:0.01/38:0.99,14,0,0,16,0,-1:0.01/21:0.99,4,0,-1,8
1058,-1,1,0,1,0,15,0:0.99/-1:0.01,10,5,0,1,3,2,0,-1:0.01/2:0.99,18,0,0:0.01/-1:0.99,16,38,14,0,0,16,0,21,4,0,-1,8
1867,-1,1,0,1,0,15,0,10,0,0,0:0.02/-1:0.13/1:0.85,3,0:0.23/-1:0.13/2:0.64,0,2,18,12,0:0.01/-1:0.98/1:0.003/2:0.003/3:0.003,16,-1:0.13/38:0.87,14,0,0:0.77/-1:0.13/1:0.02/2:0.02/3:0.02/4:0.02/5:0.02,16,0,21,4,0:0.77/-1:0.13/1:0.02/2:0.02/3:0.02/4:0.02/5:0.02,-1,8
Inner223,0:0.06/3:0.94,0,0,0,0:0.01/11:0.99,0,0,0,0,0,0,0,0,0,0:0.06/2:0.94,0,0,0:0.04/1:0.96,0,0,0,0,0:0.02/4:0.98,0,0,0,0,0,0,0:0.05/8:0.95
Inner209,3,0,0,0,11,0,0,0,0,0,0,0,0,0,0:0.02/2:0.98,0,0,1,0,4,0,0,4,0,0,0,0:0.01/8:0.99,0,0,0:0.01/8:0.99
Inner184,3,0,0,0,11,0,0,0,0,0,0,0,0,0,2,0,0,1,0,4,0,0,4,0,0,0:0.09/16:0.91,8,0,0,8
Inner203,3,0,0,0,11,0,0,0,0,0,0,0,0,0,2,0,0,1,0,4,0,0,4,0,0,0:0.01/16:0.99,8,0,0,8
Inner161,3,0,0,0,11,0,0,0,0,0,0,0,0,0,2,0,0:0.02/19:0.98,1,0,4,0,0,4,0:0.01/-1:0.99,0,16,8,0,0,8
Inner149,3,0,0,0,11,0,0,0:0.03/6:0.97,0,0,0,0,0,0,2,0,0:0.01/19:0.99,1,0,4,0:0.02/9:0.98,0,4,-1,0,16,8,0,0,8
Inner123,3,0,0,0,11,0,0,6,0,0,0,0,0:0.45/2:0.55,0,2,0,19,1,0,4,9,0,4,-1,0:0.03/17:0.97,16,8,0,0,8
1260,3,0,0,0,11,0,0,6,0,0,0,0:0.46/-1:0.33/2:0.052/3:0.052/5:0.052/6:0.052,0:0.21/-1:0.33/2:0.46,0,2,0:0.46/-1:0.33/2:0.017/3:0.017/6:0.017/7:0.017/10:0.017/12:0.017/14:0.017/17:0.017/18:0.017/21:0.017/26:0.017/27:0.017,19,1,0,4,9,0:0.46/-1:0.33/1:0.014/33:0.014/3:0.014/4:0.014/5:0.014/6:0.014/2:0.014/7:0.014/15:0.014/16:0.014/17:0.014/18:0.014/20:0.014/25:0.014/30:0.014,-1:0.33/4:0.67,-1,17,16,8,0,0,8
Inner72,3,0,0,0,11,0,0,6,0,0:0.01/7:0.99,0,0,0:0.01/2:0.99,0,2,0,19,1,0,4,9,0,4,-1,17,16,8,0,1,8
1281,3,0,0,0,11,0,0,6,0,7,0,0,2,25,2,0,19,1,0,4,9,0,4,-1,17,16,8,0:0.56/-1:0.26/1:0.036/2:0.036/3:0.036/4:0.036/5:0.036,1,8
Inner43,3,0:0.89/1:0.11,0,0,-1:0.13/11:0.87,0,0,6,0:0.84/-1:0.13/1:0.005/2:0.005/3:0.005/4:0.005/5:0.005/6:0.005,7,0:0.64/1:0.36,0,2,0,2,0,19,1,0,4,9,0,4,-1,17,16,8,0,1,-1:0.13/8:0.87
1234,3,1,1,0,-1:0.34/11:0.66,7,0,6,0:0.5/-1:0.34/1:0.027/2:0.027/3:0.027/4:0.027/5:0.027/6:0.027,7,1,0,2,3,2,6,19,1,0,4,9,0,4,-1,-1:0.24/17:0.76,16,8,0,1,-1:0.34/8:0.66
1131,-1:0.24/3:0.76,0:0.53/-1:0.24/1:0.23,0,0,-1:0.34/11:0.66,0,0,6,0:0.5/-1:0.34/1:0.027/2:0.027/3:0.027/4:0.027/5:0.027/6:0.027,7,1,0,2,25,2,0,19,1,0:0.59/-1:0.24/1:0.014/2:0.014/3:0.014/6:0.014/7:0.014/9:0.014/10:0.014/11:0.014/14:0.014/16:0.014/18:0.014/19:0.014,4,9,16,-1:0.24/4:0.76,-1,17,16,8,0,1,-1:0.34/8:0.66
Inner136,3,0:0.01/-1:0.99,0,0,11,0,0,6,0,0:0.01/8:0.99,0,0:0.01/3:0.99,0,0,2,0,-1:0.99/19:0.01,1,0,4,9,0,4,-1,0,16,8,0,0,8
Inner104,3,-1,0,0,11,0:0.01/12:0.99,0,6,0,8,0:0.13/1:0.87,3,0,0,2,0,-1,1,0,4,9,0,4,-1,0,16,8,0,0,8
Inner15,3,-1,0,0,11,12,0,6,3,8,1,3,2,0,2,0,-1,1,19,4,9,0,4,-1,0,16,8,0,0,8
1463,3,-1,0,0,11,12,0,6,3,8,1,3,2,0,2,0:0.89/-1:0.06/2:0.004/3:0.004/6:0.004/7:0.004/10:0.004/12:0.004/14:0.004/17:0.004/18:0.004/21:0.004/26:0.004/27:0.004,-1,1,19,4,9,0,4,-1,0,16,8,0,0,8
Inner8,3,-1,0,0,11,12,0,6,3,8,1,-1:0.32/3:0.68,2,0,2,0,-1,1,19,4,9,0,4,-1,0,16,8,0:0.09/2:0.91,0,8
1510,3,-1,0,0,11,12,0,6,3,8,1,-1:0.32/3:0.68,2,0,-1:0.01/2:0.99,0,-1,-1:0.01/1:0.99,19,4,9,0,4,-1,0,16,8,0:0.09/-1:0.01/2:0.9,0,-1:0.01/8:0.99
1462,3,-1,0,0,11,12,0,6,3,8,1,-1:0.32/3:0.68,2,0,2,0,-1,1,19,4,9,0,4,-1,0,16,8,2,0,8
Inner63,3,-1,0,0,11,12,0,6,0,8,0:0.03/1:0.97,3,0,0,2,0,-1,1,0:0.03/3:0.97,4,9,0,4,-1,0,16,8,0,0,8
1357,3,-1,0,0,11,12,7,6,0,8,1,3,0:0.65/-1:0.21/1:0.028/2:0.028/3:0.028/5:0.028/6:0.028,0,2,0,-1,1,3,4,9,0,4,-1,0,16,-1:0.21/8:0.79,0,0,8
Inner38,3,-1,0:0.1/1:0.9,0,11,12,0,6,0,8,1,3,0,0:0.52/14:0.48,2,0,-1,1,3,4,9,0,4,-1,0,16,8,0:0.02/4:0.98,0,8
1541,3,-1,1,1,11,12,0,6,0,-1:0.12/8:0.88,1,-1:0.12/3:0.88,0,14,2,0:0.78/-1:0.12/2:0.008/3:0.008/6:0.008/7:0.008/10:0.008/12:0.008/14:0.008/17:0.008/18:0.008/21:0.008/26:0.008/27:0.008,-1,1,3,4,9,0,4,-1,0:0.78/-1:0.12/1:0.01/4:0.01/5:0.01/8:0.01/12:0.01/15:0.01/16:0.01/17:0.01/21:0.01/30:0.01,16,8,4,0:0.78/-1:0.12/32:0.006/1:0.006/34:0.006/3:0.006/36:0.006/4:0.006/5:0.006/7:0.006/37:0.006/6:0.006/14:0.006/18:0.006/20:0.006/21:0.006/25:0.006/27:0.006/29:0.006/30:0.006,8
1297,-1:0.12/3:0.88,-1,1,0,11,12,15,6,0,8,1,3,0,0:0.4/-1:0.12/14:0.48,2,0,-1,1,3,4,9,0,4,-1,0,16,8,4,0,8
Inner103,3,-1,0,0,11,0,0,6,0,8,0,3,0,0,2,17,-1,1,0,4,9,4,4,-1,0,16,8,0,0,8
1883,3,-1,0:0.6/-1:0.23/1:0.17,0,11,0,0,6,0,8,0,3,0,0,2,17,-1,1,0,4,9,4,4,-1,0:0.6/-1:0.23/1:0.017/4:0.017/5:0.017/8:0.017/12:0.017/15:0.017/16:0.017/17:0.017/21:0.017/30:0.017,16,8,0:0.6/-1:0.23/1:0.034/2:0.034/3:0.034/4:0.034/5:0.034,0,8
Inner83,3,-1,0,0,11,0:0.32/6:0.68,0,6,0,8,0,3,0,0,2,17,-1,1,0,4,9,4,4,-1,0,16,8,0,0,8
1819,-1:0.21/3:0.79,-1,1,0,11,0:0.2/-1:0.21/6:0.59,0,6,0:0.63/-1:0.21/1:0.027/2:0.027/3:0.027/4:0.027/5:0.027/6:0.027,8,0,3,0,0,2,17,-1,1,0,4,9,-1:0.21/4:0.79,-1:0.21/4:0.79,-1,0,16,8,0,0,8
Inner58,3,-1,0,0,11,0:0.18/6:0.82,0,6,0,8,0,3,0,0,2,17,-1,1,0,4,9,4,4,-1,0,16,8,0,0,8
1861,-1:0.21/3:0.79,-1,0,0,11,0:0.12/-1:0.21/6:0.67,0:0.64/-1:0.21/33:0.009/2:0.009/34:0.009/5:0.009/6:0.009/7:0.009/8:0.009/9:0.009/10:0.009/11:0.009/13:0.009/15:0.009/17:0.009/18:0.009/19:0.009/21:0.009/24:0.009,6,0,-1:0.21/8:0.79,0,-1:0.21/3:0.79,0,0,-1:0.21/2:0.79,17,-1,1,7,4,9,4,4,-1,1,16,8,0,0:0.64/-1:0.21/32:0.008/1:0.008/34:0.008/3:0.008/36:0.008/4:0.008/5:0.008/7:0.008/37:0.008/6:0.008/14:0.008/18:0.008/20:0.008/21:0.008/25:0.008/27:0.008/29:0.008/30:0.008,8
Inner61,3,-1,0,0,11,0:0.02/6:0.98,0,6,0,8,0,3,0,0,2,17,-1,1,0,4,9,4,4,-1,0,16,8,0,0,8
1229,3,-1,0,0,11,6,0,6,0,8,0,3,0:0.65/-1:0.21/1:0.028/2:0.028/3:0.028/5:0.028/6:0.028,0,-1:0.21/2:0.79,17,-1,1,0,4,9,4,-1:0.21/4:0.79,-1,0,-1:0.21/16:0.79,8,0,4,8
Inner76,3,-1,0,0,11,6,0,6,0:0.05/3:0.95,8,0,3,0,0,2,17,-1,1,0,4,9,4,4,-1,0,16,8,0,0,8
Inner57,3,-1,0,0,11,6,0,6,0:0.04/3:0.96,8,0,3,0,0,2,17,-1,1,0,-1:0.17/4:0.83,-1:0.17/9:0.83,4,4,-1,0,16,8,0,0:0.81/-1:0.17/32:0.001/1:0.001/34:0.001/3:0.001/36:0.001/4:0.001/5:0.001/7:0.001/37:0.001/6:0.001/14:0.001/18:0.001/20:0.001/21:0.001/25:0.001/27:0.001/29:0.001/30:0.001,8
1471,3,-1,0,0,-1:0.16/11:0.84,-1:0.16/6:0.84,0,6,0:0.03/-1:0.16/3:0.81,8,0,3,0:0.73/-1:0.16/1:0.022/2:0.022/3:0.022/5:0.022/6:0.022,0,2,-1:0.16/17:0.84,-1,1,0,-1:0.3/4:0.7,-1:0.3/9:0.7,4,4,-1,5,16,8,0,0:0.59/-1:0.3/32:0.006/1:0.006/34:0.006/3:0.006/36:0.006/4:0.006/5:0.006/7:0.006/37:0.006/6:0.006/14:0.006/18:0.006/20:0.006/21:0.006/25:0.006/27:0.006/29:0.006/30:0.006,8
1402,3,-1,0,0,11,6,0,6,3,8,0:0.73/-1:0.16/1:0.11,-1:0.16/3:0.84,0,0,-1:0.16/2:0.84,17,-1,1,0,-1:0.3/4:0.7,-1:0.3/9:0.7,4,4,-1,16,16,8,0,0:0.59/-1:0.3/32:0.006/1:0.006/34:0.006/3:0.006/36:0.006/4:0.006/5:0.006/7:0.006/37:0.006/6:0.006/14:0.006/18:0.006/20:0.006/21:0.006/25:0.006/27:0.006/29:0.006/30:0.006,8
Inner50,3,-1,0,0,-1:0.66/11:0.34,6,0,6,3,8,0,3,0,0:0.01/3:0.99,2,17,-1,1,0,4,9,4,4,-1,0,16,8,0,0,8
1701,3,-1,0,0,-1:0.7/11:0.3,6,0:0.78/-1:0.12/33:0.006/2:0.006/34:0.006/5:0.006/6:0.006/7:0.006/8:0.006/9:0.006/10:0.006/11:0.006/13:0.006/15:0.006/17:0.006/18:0.006/19:0.006/21:0.006/24:0.006,6,3,8,0,3,0,3,2,17,-1,1,0:0.78/-1:0.12/1:0.008/2:0.008/3:0.008/6:0.008/7:0.008/9:0.008/10:0.008/11:0.008/14:0.008/16:0.008/18:0.008/19:0.008,4,9,4,4,-1,0,16,8,0,0,8
Inner12,3,-1,0,0,-1:0.83/11:0.17,6,0,6,3,8,0,3,0,3,2,17,-1,-1:0.5/1:0.5,0,-1:0.5/4:0.5,9,-1:0.5/4:0.5,4,-1,12,16,8,0,1,8
1636,3,-1,0,0,-1:0.83/11:0.17,6,0,6,3,8,0:0.99/-1:0.01,3,0,3,2,-1:0.01/17:0.99,-1,-1:0.5/1:0.5,0:0.99/-1:0.01,-1:0.5/4:0.5,-1:0.01/9:0.99,-1:0.5/4:0.5,4,-1,12,16,8,0,1,8
1637,3,-1,0,0,-1:0.83/11:0.17,6,0,6,-1:0.01/3:0.99,8,0,3,0,3,2,17,-1,-1:0.5/1:0.5,0,-1:0.5/4:0.5,9,-1:0.5/4:0.5,4,-1,12,16,8,0:0.99/-1:0.01,1,8
Inner147,3,0,0:0.2/1:0.8,0:0.04/-1:0.95/1:0.003/4:0.003/6:0.003,11,0,0,0,0,0,0,0,0,0,2,0,19,1,0,4,0,0,4,-1,0,16,8,0,0,8
Inner112,3,0,0:0.06/1:0.94,0:0.01/-1:0.99,11,0,0,0,0,0:0.05/4:0.95,0,0,0,0:0.02/27:0.98,2,0,19,1,0,4,0,0,4,-1,0,16,8,0,0,8
1873,3,0,1,0:0.01/-1:0.99,11,0,0,0,0:0.5/-1:0.3/1:0.033/2:0.033/3:0.033/4:0.033/5:0.033/6:0.033,4,0,0,2,27,2,0,19,1,10,4,0,0,4,-1,0:0.5/-1:0.3/1:0.02/4:0.02/5:0.02/8:0.02/12:0.02/15:0.02/16:0.02/17:0.02/21:0.02/30:0.02,16,8,2,29,8
Inner17,3,2,1,-1,11,0,24,0,0,4,0,0,0,27,2,0,19,1,0,4,0,0,4,-1,0,-1:0.69/16:0.31,8,0,0,-1:0.69/8:0.31
1576,3,2,1,-1,11,6,24,0,0,4,0,0,0,27,-1:0.07/2:0.93,0,19,1,0:0.88/-1:0.07/1:0.004/2:0.004/3:0.004/6:0.004/7:0.004/9:0.004/10:0.004/11:0.004/14:0.004/16:0.004/18:0.004/19:0.004,-1:0.07/4:0.93,0,0:0.88/-1:0.07/1:0.003/33:0.003/3:0.003/4:0.003/5:0.003/6:0.003/2:0.003/7:0.003/15:0.003/16:0.003/17:0.003/18:0.003/20:0.003/25:0.003/30:0.003,4,-1,0,-1:0.72/16:0.28,8,0:0.88/-1:0.07/1:0.01/2:0.01/3:0.01/4:0.01/5:0.01,0:0.88/-1:0.07/32:0.003/1:0.003/34:0.003/3:0.003/36:0.003/4:0.003/5:0.003/7:0.003/37:0.003/6:0.003/14:0.003/18:0.003/20:0.003/21:0.003/25:0.003/27:0.003/29:0.003/30:0.003,-1:0.72/8:0.28
1577,3,2,1,-1,11,0,24,0,0,4,0,0,0,27,2,0,19,1,0,4,0,0,4,-1,0,-1:0.72/16:0.28,8,0,0,-1:0.72/8:0.28
Inner140,3,0,0:0.09/1:0.91,0:0.02/-1:0.98,11,0:0.06/2:0.94,0,0,0:0.81/3:0.19,0,0,0,0,0,2,0,19,1,0,4,0,0,4,-1,0,-1:0.56/16:0.44,8,0,0,8
Inner116,3,0,0:0.02/1:0.98,0:0.01/-1:0.99,11,2,0,0,0:0.44/3:0.56,0,0:0.55/1:0.45,0:0.06/3:0.94,0,0,2,0,19,-1:0.49/1:0.51,0,4,0,0,4,-1,0,-1:0.78/16:0.22,8,0:0.05/2:0.95,0,8
1856,3,0,1,-1:0.99/1:0.003/4:0.003/6:0.003,11,2,2,0:0.6/-1:0.23/4:0.028/6:0.028/10:0.028/13:0.028/16:0.028/20:0.028,3,0,0:0.33/-1:0.23/1:0.44,3,0,0,2,0,19,-1:0.61/1:0.39,0:0.6/-1:0.23/1:0.014/2:0.014/3:0.014/6:0.014/7:0.014/9:0.014/10:0.014/11:0.014/14:0.014/16:0.014/18:0.014/19:0.014,4,0,0,4,-1,0,-1:0.83/16:0.17,8,2,32,-1:0.23/8:0.77
1816,3,1,1,-1:0.99/1:0.003/4:0.003/6:0.003,11,2,0,0,0:0.27/-1:0.23/3:0.5,0,1,3,0,0,2,2,19,-1:0.61/1:0.39,0,4,0:0.6/-1:0.23/1:0.017/2:0.017/5:0.017/6:0.017/7:0.017/9:0.017/13:0.017/14:0.017/15:0.017/20:0.017,0:0.6/-1:0.23/1:0.011/33:0.011/3:0.011/4:0.011/5:0.011/6:0.011/2:0.011/7:0.011/15:0.011/16:0.011/17:0.011/18:0.011/20:0.011/25:0.011/30:0.011,4,-1,0,-1:0.83/16:0.17,8,2,0,8
1555,3,0,1,0:0.01/-1:0.99,11,2,0,16,0:0.35/-1:0.34/3:0.31,0,0,0,2,0,2,12,-1:0.34/19:0.66,1,1,4,7,0:0.44/-1:0.34/1:0.015/33:0.015/3:0.015/4:0.015/5:0.015/6:0.015/2:0.015/7:0.015/15:0.015/16:0.015/17:0.015/18:0.015/20:0.015/25:0.015/30:0.015,4,-1,0,-1:0.71/16:0.29,8,0,0,8
Inner180,3,0,0,0,11,0,0,0,0,0,0,0,0,0,2,0,0,1,0,4,0,0,4,0,17,16,8,0,0,8
Inner146,3,0,0,0,11,0,0,0,0,0,0:0.02/-1:0.98,0,0,0,2,0,0:0.01/1:0.99,1,0,4,0,0:0.01/20:0.99,4,0,17,16,8,0,0,-1:0.98/8:0.02
Inner49,3,0,0,0,11,0,0,0,0,0,-1,0,0,0,2,0,1,-1:0.87/1:0.13,16,4,0:0.01/9:0.99,20,4,0,17,16,8,0,0,-1
1268,3,0,0,0,11,0,0,0,0:0.63/-1:0.22/1:0.025/2:0.025/3:0.025/4:0.025/5:0.025/6:0.025,2,-1,0:0.63/-1:0.22/2:0.037/3:0.037/5:0.037/6:0.037,0,0,-1:0.22/2:0.78,0,1,-1:0.9/1:0.1,16,4,9,20,-1:0.22/4:0.78,0,17,-1:0.22/16:0.78,8,0,5,-1
Inner39,3,0,0,0,11,0,0,0,0,0,-1,0,0,0:0.01/2:0.99,2,0,1,-1:0.92/1:0.08,16,4,0:0.01/9:0.99,20,4,0,17,16,8,0,0,-1
1671,-1:0.15/3:0.85,0,0,0,11,0,0,0,0,0,-1,0,0:0.73/-1:0.15/1:0.024/2:0.024/3:0.024/5:0.024/6:0.024,2,2,0,1,-1:0.93/1:0.07,16,4,9,20,4,0,17,16,8,0,0,-1
1748,3,1,0,0,-1:0.15/11:0.85,0,0,0,0,0:0.73/-1:0.15/2:0.015/4:0.015/6:0.015/7:0.015/8:0.015/13:0.015/15:0.015/22:0.015,-1,3,0,2,-1:0.15/2:0.85,0,1,-1:0.93/1:0.07,16,4,0:0.01/-1:0.15/9:0.84,20,4,0,17,16,8,2,0,-1
Inner117,3,0,0,0,11,0,0,0:0.67/4:0.33,0:0.06/5:0.94,0,-1,0,0,0,2,0,1,1,0,4,0,20,4,0:0.05/21:0.95,17,16,8,0,0,-1
Inner41,3,0,0,0,11,0,0:0.38/-1:0.55/33:0.004/2:0.004/34:0.004/5:0.004/6:0.004/7:0.004/8:0.004/9:0.004/10:0.004/11:0.004/13:0.004/15:0.004/17:0.004/18:0.004/19:0.004/21:0.004/24:0.004,0:0.02/4:0.98,5,0,-1,0:0.04/3:0.96,0,0,2,0,1,1,0,4,0,20,4,21,17,16,8,0:0.46/2:0.54,0,-1
1418,3,1,0:0.67/-1:0.19/1:0.14,0,11,1,0:0.25/-1:0.63/33:0.007/2:0.007/34:0.007/5:0.007/6:0.007/7:0.007/8:0.007/9:0.007/10:0.007/11:0.007/13:0.007/15:0.007/17:0.007/18:0.007/19:0.007/21:0.007/24:0.007,4,5,0,-1,3,0:0.67/-1:0.19/1:0.028/2:0.028/3:0.028/5:0.028/6:0.028,0:0.67/-1:0.19/1:0.008/2:0.008/3:0.008/4:0.008/5:0.008/6:0.008/11:0.008/13:0.008/14:0.008/18:0.008/19:0.008/22:0.008/25:0.008/26:0.008/27:0.008/28:0.008/29:0.008,2,0,1,1,0,4,0,-1:0.19/20:0.81,4,21,17,16,8,2,3,-1
1086,3,0,0,0,11,0,0:0.25/-1:0.63/33:0.007/2:0.007/34:0.007/5:0.007/6:0.007/7:0.007/8:0.007/9:0.007/10:0.007/11:0.007/13:0.007/15:0.007/17:0.007/18:0.007/19:0.007/21:0.007/24:0.007,4,5,0,-1,3,0,0,2,0,1,1,0,4,0,20,4,21,17,16,8,0:0.31/-1:0.19/2:0.5,0,-1
Inner30,3,0:0.02/1:0.98,0:0.3/-1:0.62/1:0.08,0:0.34/1:0.66,11,0,0,0:0.2/-1:0.62/4:0.18,5,0:0.01/8:0.99,-1,0,0,0,2,0,1,1,0,4,0,20,-1:0.62/4:0.38,21,17,16,8,0,34,-1
2010,3,1,0:0.22/-1:0.68/1:0.1,1,11,1,0,0:0.15/-1:0.68/4:0.17,5,8,-1,0,0,0,2,0:0.73/-1:0.15/2:0.01/3:0.01/6:0.01/7:0.01/10:0.01/12:0.01/14:0.01/17:0.01/18:0.01/21:0.01/26:0.01/27:0.01,1,1,18,4,0,20,-1:0.68/4:0.32,21,17,16,8,2,34,-1
1199,3,1,0:0.22/-1:0.68/1:0.1,0:0.25/-1:0.15/1:0.6,-1:0.15/11:0.85,0,0,0:0.15/-1:0.68/4:0.17,5,8,-1,0,0,0,2,0,1,-1:0.15/1:0.85,0,4,0,-1:0.15/20:0.85,-1:0.68/4:0.32,21,-1:0.15/17:0.85,16,8,0,34,-1
Inner162,3,0,0,0,11,0,0,0,0,0,0,0,0,0,2,0,0,1,0,4,0,0,4,0,17,16,8,0:0.99/1:0.01,0,8
Inner141,3,0,0,0,11,0:0.01/2:0.99,0,0,0,0,0,0,0,0,2,0,0,1,0:0.01/1:0.99,4,0,0,4,0,17,-1:0.98/16:0.02,8,0:0.02/-1:0.98,14,8
Inner94,3,0,0,0,11,2,0:0.73/7:0.27,0,0,0,0:0.4/1:0.6,0,0,0,-1:0.61/2:0.39,0,0:0.06/2:0.94,1,1,4,0,0,4,0,17,-1:0.99/16:0.01,8,0:0.01/-1:0.99,14,8
1090,3,1,0,0:0.46/-1:0.33/1:0.07/4:0.07/6:0.07,11,2,0:0.33/-1:0.33/7:0.34,0,0:0.46/-1:0.33/1:0.035/2:0.035/3:0.035/4:0.035/5:0.035/6:0.035,13,1,5,0,5,-1:0.74/2:0.26,0:0.46/-1:0.33/2:0.017/3:0.017/6:0.017/7:0.017/10:0.017/12:0.017/14:0.017/17:0.017/18:0.017/21:0.017/26:0.017/27:0.017,2,1,1,4,0,2,4,0,17,-1:0.99/16:0.01,8,-1:0.99/1:0.01,14,8
Inner62,3,0,0,0,11,2,0:0.19/7:0.81,0,0,0,0:0.01/1:0.99,0,0,26,-1:0.87/2:0.13,0,2,1,1,4,0,0,-1:0.67/4:0.33,0:0.26/21:0.74,17,-1,8,-1,14,8
1323,3,0:0.78/-1:0.12/1:0.025/2:0.025/3:0.025/4:0.025,0,0,11,2,0:0.15/-1:0.12/7:0.73,0,2,0,1,0,0,26,-1:0.89/2:0.11,0,2,1,-1:0.12/1:0.88,4,0,0:0.78/-1:0.12/1:0.007/33:0.007/3:0.007/4:0.007/5:0.007/6:0.007/2:0.007/7:0.007/15:0.007/16:0.007/17:0.007/18:0.007/20:0.007/25:0.007/30:0.007,-1:0.71/4:0.29,0:0.2/-1:0.12/21:0.68,17,-1,8,-1,-1:0.12/14:0.88,8
1257,3,0,0,0,11,-1:0.12/2:0.88,7,0,0,0,1,0,0,26,-1:0.89/2:0.11,0,2,-1:0.12/1:0.88,1,4,0:0.78/-1:0.12/1:0.01/2:0.01/5:0.01/6:0.01/7:0.01/9:0.01/13:0.01/14:0.01/15:0.01/20:0.01,0,-1:0.71/4:0.29,21,17,-1,8,-1,14,8
Inner115,3,0,0,0,11,0:0.01/2:0.99,0,0:0.02/4:0.98,0,0,0,0:0.03/5:0.97,0,0:0.01/29:0.99,2,0,0,1,1,4,0,0,4,0,17,-1,8,-1,14,8
Inner85,3,0,0,0,-1:0.48/11:0.52,-1:0.48/2:0.52,0,4,0,0,0,5,0,29,2,0,0,1,1,4,0,0:0.56/1:0.44,4,0,17,-1,-1:0.48/8:0.52,-1,14,8
1654,3,0,0,0,-1:0.6/11:0.4,-1:0.6/2:0.4,0:0.6/-1:0.24/33:0.009/2:0.009/34:0.009/5:0.009/6:0.009/7:0.009/8:0.009/9:0.009/10:0.009/11:0.009/13:0.009/15:0.009/17:0.009/18:0.009/19:0.009/21:0.009/24:0.009,4,5,0,0,5,0,29,2,0,0,1,1,4,0,0:0.34/-1:0.24/1:0.42,4,0,17,-1,-1:0.6/8:0.4,-1,14,8
1380,-1:0.24/3:0.76,0,0:0.6/-1:0.24/1:0.16,0,-1:0.6/11:0.4,-1:0.6/2:0.4,0,4,0,0,0,5,0,29,-1:0.24/2:0.76,0:0.6/-1:0.24/2:0.013/3:0.013/6:0.013/7:0.013/10:0.013/12:0.013/14:0.013/17:0.013/18:0.013/21:0.013/26:0.013/27:0.013,0,-1:0.24/1:0.76,1,4,15,1,4,0:0.6/-1:0.24/3:0.02/5:0.02/16:0.02/18:0.02/19:0.02/21:0.02/27:0.02/29:0.02,17,-1,-1:0.6/8:0.4,-1,-1:0.24/14:0.76,-1:0.24/8:0.76
Inner60,3,0:0.1/4:0.9,0,0,11,2,0,4,0,0:0.05/8:0.95,0,5,0,29,2,0:0.34/-1:0.62/2:0.003/3:0.003/6:0.003/7:0.003/10:0.003/12:0.003/14:0.003/17:0.003/18:0.003/21:0.003/26:0.003/27:0.003,0,1,1,4,0,0,4,0:0.74/18:0.26,17,-1,8,-1,14,8
Inner6,3,4,0:0.08/1:0.92,0:0.03/1:0.97,11,2,0,4,0,8,0:0.38/-1:0.55/1:0.07,5,0,29,2,0:0.13/-1:0.83/2:0.003/3:0.003/6:0.003/7:0.003/10:0.003/12:0.003/14:0.003/17:0.003/18:0.003/21:0.003/26:0.003/27:0.003,0,-1:0.55/1:0.45,1,4,0,0:0.01/7:0.99,4,0:0.28/-1:0.55/18:0.17,17,-1,8,-1,14,8
1210,3,4,1,1,11,-1:0.15/2:0.85,5,4,0,8,0:0.28/-1:0.62/1:0.1,5,2,29,-1:0.15/2:0.85,0:0.1/-1:0.86/2:0.003/3:0.003/6:0.003/7:0.003/10:0.003/12:0.003/14:0.003/17:0.003/18:0.003/21:0.003/26:0.003/27:0.003,0:0.74/-1:0.15/1:0.01/2:0.01/5:0.01/8:0.01/10:0.01/12:0.01/13:0.01/16:0.01/17:0.01/19:0.01/20:0.01,-1:0.62/1:0.38,1,4,0,7,4,0:0.21/-1:0.62/18:0.17,17,-1,8,-1,-1:0.15/14:0.85,8
1237,3,4,1,1,11,2,6,-1:0.15/4:0.85,0,8,0:0.28/-1:0.62/1:0.1,5,0,29,2,0:0.1/-1:0.86/2:0.003/3:0.003/6:0.003/7:0.003/10:0.003/12:0.003/14:0.003/17:0.003/18:0.003/21:0.003/26:0.003/27:0.003,0,-1:0.62/1:0.38,1,4,0,7,4,0:0.21/-1:0.62/18:0.17,17,-1,8,-1,14,8
1175,3,4,0,0,11,2,0,4,0,8,0,5,0,29,2,0:0.18/-1:0.73/2:0.007/3:0.007/6:0.007/7:0.007/10:0.007/12:0.007/14:0.007/17:0.007/18:0.007/21:0.007/26:0.007/27:0.007,10,1,1,4,0,16,4,18,17,-1,8,-1,14,-1:0.28/8:0.72
Inner148,3,0,0,0,11,0,0,0,0,0,0,0,0,0,2,0,0,1,0,4,0,0,4,0,17,16,8,0:0.59/1:0.41,0:0.03/37:0.97,8
Inner84,3,0:0.01/1:0.99,0,0:0.42/1:0.58,11,0,0,0:0.01/6:0.99,0,0,0,0,0,0,2,0,0,1,0,4,0,0,4,0,17,16,8,1,37,8
Inner18,3,1,0,0:0.01/1:0.99,11,0,0,6,0:0.02/3:0.98,0,0,0,0:0.25/-1:0.68/1:0.014/2:0.014/3:0.014/5:0.014/6:0.014,11,2,0,0,1,0,4,0,0,4,0,17,16,8,1,37,8
1484,3,1,0,1,11,0,0,6,0:0.02/-1:0.01/3:0.97,0,0,0,0:0.25/-1:0.69/1:0.012/2:0.012/3:0.012/5:0.012/6:0.012,11,2,0,0,1,0,4,0,0,4,0,17,16,8,1,37,8
1335,3,1,0,0:0.01/-1:0.01/1:0.98,11,0:0.99/-1:0.01,0:0.99/-1:0.01,6,3,0,0,0,0:0.25/-1:0.69/1:0.012/2:0.012/3:0.012/5:0.012/6:0.012,11,2,0,0,1,0,4,0,0,4,0,17,16,8,1,-1:0.01/37:0.99,8
Inner59,3,1,0,0:0.32/-1:0.21/1:0.47,11,0,0,6,0,0,0,0,0,0,2,0,0,-1:0.21/1:0.79,0,4,0,0:0.8/25:0.2,4,0,17,16,8,1,37,8
1468,3,1,0,0:0.21/-1:0.37/1:0.42,11,0:0.66/-1:0.2/1:0.014/2:0.014/3:0.014/5:0.014/6:0.014/7:0.014/8:0.014/10:0.014/12:0.014/15:0.014,0,6,0,0:0.66/-1:0.2/2:0.018/4:0.018/6:0.018/7:0.018/8:0.018/13:0.018/15:0.018/22:0.018,0,0,2,0,2,0,0,-1:0.37/1:0.63,0,4,0,25,4,0,17,16,8,1,37,8
1412,3,1,1,0:0.21/-1:0.37/1:0.42,11,0,34,6,0,0,0,0,0,0,-1:0.2/2:0.8,0:0.66/-1:0.2/2:0.012/3:0.012/6:0.012/7:0.012/10:0.012/12:0.012/14:0.012/17:0.012/18:0.012/21:0.012/26:0.012/27:0.012,0,-1:0.37/1:0.63,0,-1:0.2/4:0.8,0,0:0.53/-1:0.2/25:0.27,4,0,17,16,8,1,37,8
Inner28,3,0,0,0,11,0:0.16/-1:0.76/1:0.008/2:0.008/3:0.008/5:0.008/6:0.008/7:0.008/8:0.008/10:0.008/12:0.008/15:0.008,0,0,0,0,0,0,0,0:0.16/-1:0.76/1:0.005/2:0.005/3:0.005/4:0.005/5:0.005/6:0.005/11:0.005/13:0.005/14:0.005/18:0.005/19:0.005/22:0.005/25:0.005/26:0.005/27:0.005/28:0.005/29:0.005,-1:0.76/2:0.24,17,0,1,7,4,0,0,-1:0.76/4:0.24,0,17,16,8,0:0.1/-1:0.76/1:0.14,37,8
1453,3,0,0,0,11,0:0.13/-1:0.78/1:0.009/2:0.009/3:0.009/5:0.009/6:0.009/7:0.009/8:0.009/10:0.009/12:0.009/15:0.009,0,0:0.81/-1:0.11/4:0.013/6:0.013/10:0.013/13:0.013/16:0.013/20:0.013,0,0,0,0,0,0:0.13/-1:0.78/1:0.005/2:0.005/3:0.005/4:0.005/5:0.005/6:0.005/11:0.005/13:0.005/14:0.005/18:0.005/19:0.005/22:0.005/25:0.005/26:0.005/27:0.005/28:0.005/29:0.005,-1:0.78/2:0.22,17,0,1,7,-1:0.11/4:0.89,0,0:0.81/-1:0.11/1:0.005/33:0.005/3:0.005/4:0.005/5:0.005/6:0.005/2:0.005/7:0.005/15:0.005/16:0.005/17:0.005/18:0.005/20:0.005/25:0.005/30:0.005,-1:0.78/4:0.22,0,17,-1:0.11/16:0.89,8,0:0.08/-1:0.78/1:0.14,37,8
1452,3,0,0,0,11,0:0.13/-1:0.78/1:0.009/2:0.009/3:0.009/5:0.009/6:0.009/7:0.009/8:0.009/10:0.009/12:0.009/15:0.009,0,0,0,0,0,3,0,0:0.13/-1:0.78/1:0.005/2:0.005/3:0.005/4:0.005/5:0.005/6:0.005/11:0.005/13:0.005/14:0.005/18:0.005/19:0.005/22:0.005/25:0.005/26:0.005/27:0.005/28:0.005/29:0.005,-1:0.78/2:0.22,17,17,-1:0.11/1:0.89,7,4,0,0,-1:0.78/4:0.22,0,17,16,8,0:0.08/-1:0.78/1:0.14,37,8
1643,-1:0.47/3:0.53,4,0,0:0.26/-1:0.47/1:0.09/4:0.09/6:0.09,11,0,0,0,3,15,0,0:0.26/-1:0.47/2:0.068/3:0.068/5:0.068/6:0.068,0,0,2,17,0,-1:0.47/1:0.53,7,4,0,0,-1:0.47/4:0.53,0,0:0.26/-1:0.47/1:0.027/4:0.027/5:0.027/8:0.027/12:0.027/15:0.027/16:0.027/17:0.027/21:0.027/30:0.027,0:0.02/-1:0.47/16:0.51,-1:0.47/8:0.53,2,37,8
Inner185,3,0,0:0.63/1:0.37,0,11,0:0.14/2:0.86,0,0,0,0,0,0,0,0,0:0.01/-1:0.54/2:0.45,0,0,1,0,4,0,0,4,0,0:0.67/17:0.33,0,8,0:0.25/3:0.75,0:0.78/14:0.22,8
1088,3,0,1,1,-1:0.45/11:0.55,2,21,0,3,0,1,3,0,0,-1:0.75/2:0.25,0:0.3/-1:0.45/2:0.021/3:0.021/6:0.021/7:0.021/10:0.021/12:0.021/14:0.021/17:0.021/18:0.021/21:0.021/26:0.021/27:0.021,0,1,2,4,2,0:0.3/-1:0.45/1:0.017/33:0.017/3:0.017/4:0.017/5:0.017/6:0.017/2:0.017/7:0.017/15:0.017/16:0.017/17:0.017/18:0.017/20:0.017/25:0.017/30:0.017,4,0,0:0.2/-1:0.45/17:0.35,0,8,3,14,8
Inner178,3,0,0:0.29/1:0.71,0,11,0:0.07/2:0.93,0,0,0,0,0,0,0,0:0.01/13:0.99,-1:0.82/2:0.18,0,0:0.3/-1:0.6/1:0.009/2:0.009/5:0.009/8:0.009/10:0.009/12:0.009/13:0.009/16:0.009/17:0.009/19:0.009/20:0.009,1,0,4,0:0.02/5:0.98,0,4,0,0:0.02/17:0.98,0:0.02/23:0.98,8,0:0.12/3:0.88,0:0.24/-1:0.6/14:0.16,8
1195,-1:0.3/3:0.7,0,0:0.14/-1:0.3/1:0.56,0,11,0:0.03/-1:0.3/2:0.67,0,0,0,0,0,0:0.5/-1:0.3/2:0.05/3:0.05/5:0.05/6:0.05,0:0.5/-1:0.3/1:0.04/2:0.04/3:0.04/5:0.04/6:0.04,13,-1:0.87/2:0.13,0,0:0.15/-1:0.72/1:0.012/2:0.012/5:0.012/8:0.012/10:0.012/12:0.012/13:0.012/16:0.012/17:0.012/19:0.012/20:0.012,1,0,4,5,0,4,0:0.5/-1:0.3/3:0.025/5:0.025/16:0.025/18:0.025/19:0.025/21:0.025/27:0.025/29:0.025,17,23,8,3,0:0.12/-1:0.72/14:0.16,8
1517,3,0,1,1,-1:0.3/11:0.7,2,0:0.5/-1:0.3/33:0.012/2:0.012/34:0.012/5:0.012/6:0.012/7:0.012/8:0.012/9:0.012/10:0.012/11:0.012/13:0.012/15:0.012/17:0.012/18:0.012/19:0.012/21:0.012/24:0.012,0,0,7,0,0,0,13,-1:0.87/2:0.13,0:0.5/-1:0.3/2:0.017/3:0.017/6:0.017/7:0.017/10:0.017/12:0.017/14:0.017/17:0.017/18:0.017/21:0.017/26:0.017/27:0.017,0:0.15/-1:0.72/1:0.012/2:0.012/5:0.012/8:0.012/10:0.012/12:0.012/13:0.012/16:0.012/17:0.012/19:0.012/20:0.012,-1:0.3/1:0.7,0:0.5/-1:0.3/1:0.017/2:0.017/3:0.017/6:0.017/7:0.017/9:0.017/10:0.017/11:0.017/14:0.017/16:0.017/18:0.017/19:0.017,-1:0.3/4:0.7,5,5,-1:0.3/4:0.7,0,17,23,-1:0.3/8:0.7,0:0.06/-1:0.3/3:0.64,0:0.12/-1:0.72/14:0.16,-1:0.3/8:0.7
Inner177,3,0,0,0,11,0,0:0.03/13:0.97,0,0,0,0,0:0.04/3:0.96,2,0,2,0,12,1,0,0,0,17,4,0,0,0,0,2,0,8
Inner171,3,0,0,0,11,0,13,0,0,0,0,0:0.01/3:0.99,2,0,2,0,12,1,0,0,0,17,4,0,0,0,0,2,0,8
Inner155,3,0,0,0,11,0,13,0,0,0:0.2/8:0.8,0,0:0.01/3:0.99,2,0,2,0,12,1,0,0,0,17,4,0,0,0,0,2,0,8
Inner102,3,0,0,0:0.03/6:0.97,11,0,13,0:0.01/16:0.99,0,8,0:0.02/1:0.98,3,2,1,2,3,12,1,0:0.01/18:0.99,0,0,17,4,27,0:0.01/-1:0.99,0,2,-1:0.99/2:0.01,4,8
1515,3,0,0,6,11,0:0.57/-1:0.25/1:0.018/2:0.018/3:0.018/5:0.018/6:0.018/7:0.018/8:0.018/10:0.018/12:0.018/15:0.018,13,16,0,8,1,3,2,1,2,3,12,-1:0.25/1:0.75,18,0,0,17,4,27,0:0.01/-1:0.99,0,2,-1:0.99/2:0.01,4,8
Inner46,3,0,0,0:0.03/6:0.97,11,0,13,16,0,8,0:0.01/1:0.99,3,2,1,2,3,12,1,0:0.01/18:0.99,0,0,17,4,27,-1:0.99/1:0.001/4:0.001/5:0.001/8:0.001/12:0.001/15:0.001/16:0.001/17:0.001/21:0.001/30:0.001,0:0.36/-1:0.63/1:0.001/2:0.001/39:0.001/9:0.001/11:0.001/14:0.001/16:0.001/19:0.001/21:0.001/23:0.001,2,-1:0.99/2:0.01,4,8
Inner79,3,0,0,0:0.02/6:0.98,11,0,13,16,0,8,1,-1:0.55/3:0.45,2,1,2,3,12,1,-1:0.55/18:0.45,0,0,17,4,27,-1,0:0.16/-1:0.83/1:0.001/2:0.001/39:0.001/9:0.001/11:0.001/14:0.001/16:0.001/19:0.001/21:0.001/23:0.001,2,-1,4,8
Inner78,3,0,0:0.43/1:0.57,0:0.01/-1:0.45/6:0.54,-1:0.45/11:0.55,0,13,16,0:0.01/3:0.99,8,1,-1:0.75/3:0.25,2,1,2,3,12,1,-1:0.75/18:0.25,0,0,17,4,27,-1,0:0.08/-1:0.91/1:0.001/2:0.001/39:0.001/9:0.001/11:0.001/14:0.001/16:0.001/19:0.001/21:0.001/23:0.001,2,-1,4,8
1614,3,0,0:0.36/-1:0.1/1:0.54,0:0.01/-1:0.51/6:0.48,-1:0.51/11:0.49,0,-1:0.1/13:0.9,16,3,-1:0.1/8:0.9,1,-1:0.78/3:0.22,2,1,2,-1:0.1/3:0.9,12,1,-1:0.78/18:0.22,0:0.82/-1:0.1/32:0.006/1:0.006/33:0.006/4:0.006/37:0.006/38:0.006/42:0.006/11:0.006/12:0.006/17:0.006/18:0.006/21:0.006/22:0.006/31:0.006,7,17,4,27,-1,0:0.06/-1:0.92/1:0.002/2:0.002/39:0.002/9:0.002/11:0.002/14:0.002/16:0.002/19:0.002/21:0.002/23:0.002,2,-1,4,8
1676,-1:0.1/3:0.9,0:0.82/-1:0.1/1:0.02/2:0.02/3:0.02/4:0.02,1,0:0.01/-1:0.51/6:0.48,-1:0.51/11:0.49,0,13,-1:0.1/16:0.9,3,8,1,-1:0.78/3:0.22,2,1,2,3,12,1,-1:0.78/18:0.22,0,0,17,4,-1:0.1/27:0.9,-1,0:0.06/-1:0.92/1:0.002/2:0.002/39:0.002/9:0.002/11:0.002/14:0.002/16:0.002/19:0.002/21:0.002/23:0.002,-1:0.1/2:0.9,-1,4,8
1679,3,1,0,6,11,0,13,16,0,8,1,-1:0.64/3:0.36,-1:0.2/2:0.8,1,2,-1:0.2/3:0.8,-1:0.2/12:0.8,1,-1:0.64/18:0.36,0,0,17,4,27,-1,0:0.1/-1:0.87/1:0.003/2:0.003/39:0.003/9:0.003/11:0.003/14:0.003/16:0.003/19:0.003/21:0.003/23:0.003,2,-1,4,8
1687,3,0:0.6/-1:0.23/1:0.043/2:0.043/3:0.043/4:0.043,0,0:0.02/-1:0.23/6:0.75,-1:0.23/11:0.77,0,13,-1:0.23/16:0.77,0,-1:0.23/8:0.77,1,3,2,1,-1:0.23/2:0.77,3,12,-1:0.23/1:0.77,18,0,0,17,4,27,-1,0:0.22/-1:0.72/1:0.006/2:0.006/39:0.006/9:0.006/11:0.006/14:0.006/16:0.006/19:0.006/21:0.006/23:0.006,2,-1,-1:0.23/4:0.77,8
Inner163,3,0:0.03/1:0.97,0,0,11,0,13,0,0,8,0,-1:0.99/3:0.01,2,0,2,0,12,1,0:0.03/16:0.97,0,0,17,4,0,0,0,0,2,0,8
1243,3,0:0.01/-1:0.4/1:0.59,0,0,11,0,13,0:0.35/-1:0.4/4:0.042/6:0.042/10:0.042/13:0.042/16:0.042/20:0.042,0,8,1,-1,2,6,2,27,-1:0.4/12:0.6,1,0:0.01/-1:0.4/16:0.59,11,0:0.35/-1:0.4/1:0.025/2:0.025/5:0.025/6:0.025/7:0.025/9:0.025/13:0.025/14:0.025/15:0.025/20:0.025,17,4,0,0,0,1,2,6,8
Inner151,3,1,0,0,11,0,13,0,0,8,0,-1,2,0,2,0,12,1,16,0,0,17,4,0,0,0,0,2,0,8
Inner135,3,1,0:0.94/1:0.06,0,11,0,13,0,0,8,0,-1,2,0,2,0,12,1,16,0,0,17,4,0,0:0.98/5:0.02,0,0,2,0,8
Inner125,3,1,0:0.36/1:0.64,0,11,0,13,0,0:0.38/3:0.62,8,0,-1,2,0,2,0,12,1,16,0,0,17,4,0,0:0.09/-1:0.88/5:0.03,0,0,2,0,8
1862,3,1,0:0.19/-1:0.28/1:0.53,0:0.54/-1:0.28/1:0.06/4:0.06/6:0.06,-1:0.28/11:0.72,0,13,0,0:0.2/-1:0.28/3:0.52,8,0,-1,2,0,2,10,12,1,16,0,0:0.54/-1:0.28/1:0.018/2:0.018/5:0.018/6:0.018/7:0.018/9:0.018/13:0.018/14:0.018/15:0.018/20:0.018,-1:0.28/17:0.72,4,0,0:0.05/-1:0.92/5:0.03,39,3,-1:0.28/2:0.72,0,8
Inner48,3,1,0:0.02/1:0.98,0,11,0,13,0,3,8,0,-1,2,0,2,0,12,1,16,0,0,17,4,0,-1:0.99/5:0.01,0,0,2,0,8
Inner45,3,1,1,0,11,0,13,0,3,8,0,-1,2,0,2,0,12,1,16,0,0:0.08/5:0.92,17,4,0,-1,0,0,2,0,8
Inner21,3,1,1,0,11,0,13,0,3,8,0,-1,2,0,2,0,12,1,16,0,0:0.01/5:0.99,17,4,0,-1,0,0,2,0,8
1717,3,1,1,0,11,0,13,0:0.84/-1:0.09/4:0.012/6:0.012/10:0.012/13:0.012/16:0.012/20:0.012,3,8,0,-1,2,0,2,10,12,-1:0.09/1:0.91,16,0,5,17,4,0,-1,0,0,2,0,8
Inner9,3,1,1,0:0.06/1:0.94,11,0,13,0,3,8,0,-1,2,0:0.54/-1:0.41/1:0.003/2:0.003/3:0.003/4:0.003/5:0.003/6:0.003/11:0.003/13:0.003/14:0.003/18:0.003/19:0.003/22:0.003/25:0.003/26:0.003/27:0.003/28:0.003/29:0.003,2,0,12,1,16,0,5,17,4,0,-1,0,0,2,0,-1:0.41/8:0.59
1913,3,1,1,0:0.06/-1:0.01/1:0.93,11,0,13,0,3,8,0,-1,2,0:0.54/-1:0.42/1:0.002/2:0.002/3:0.002/4:0.002/5:0.002/6:0.002/11:0.002/13:0.002/14:0.002/18:0.002/19:0.002/22:0.002/25:0.002/26:0.002/27:0.002/28:0.002/29:0.002,2,0,12,1,16,0:0.99/-1:0.01,5,17,4,0,-1,0,0,-1:0.01/2:0.99,0,-1:0.42/8:0.58
1912,3,1,1,1,11,0,13,0,3,8,0,-1,2,0:0.54/-1:0.42/1:0.002/2:0.002/3:0.002/4:0.002/5:0.002/6:0.002/11:0.002/13:0.002/14:0.002/18:0.002/19:0.002/22:0.002/25:0.002/26:0.002/27:0.002/28:0.002/29:0.002,-1:0.01/2:0.99,0,12,1,16,0,5,17,4,0,-1,0,0,2,0:0.99/-1:0.01,-1:0.42/8:0.58
1716,3,1,1,0,11,0,13,0,3,8,0,-1,2,0,2,0:0.83/-1:0.1/2:0.006/3:0.006/6:0.006/7:0.006/10:0.006/12:0.006/14:0.006/17:0.006/18:0.006/21:0.006/26:0.006/27:0.006,12,1,16,0,0:0.07/-1:0.1/5:0.83,17,4,0,-1,0,0,2,0:0.83/-1:0.1/32:0.004/1:0.004/34:0.004/3:0.004/36:0.004/4:0.004/5:0.004/7:0.004/37:0.004/6:0.004/14:0.004/18:0.004/20:0.004/21:0.004/25:0.004/27:0.004/29:0.004/30:0.004,8
1628,3,1,1,0,11,0:0.73/-1:0.15/1:0.012/2:0.012/3:0.012/5:0.012/6:0.012/7:0.012/8:0.012/10:0.012/12:0.012/15:0.012,13,0,3,8,0,-1,-1:0.15/2:0.85,0,2,0,12,1,16,0:0.73/-1:0.15/32:0.009/1:0.009/33:0.009/4:0.009/37:0.009/38:0.009/42:0.009/11:0.009/12:0.009/17:0.009/18:0.009/21:0.009/22:0.009/31:0.009,0,17,4,0,-1:0.99/5:0.01,0,0,2,0,8
Inner110,3,1,0:0.14/1:0.86,0,11,0,13,0:0.03/6:0.97,0,8,0,-1,2,0,2,0:0.4/3:0.6,12,1,16,0,0,17,4,0,0:0.02/5:0.98,0:0.1/-1:0.88/1:0.002/2:0.002/39:0.002/9:0.002/11:0.002/14:0.002/16:0.002/19:0.002/21:0.002/23:0.002,0,2,0:0.1/-1:0.88/32:0.001/1:0.001/34:0.001/3:0.001/36:0.001/4:0.001/5:0.001/7:0.001/37:0.001/6:0.001/14:0.001/18:0.001/20:0.001/21:0.001/25:0.001/27:0.001/29:0.001/30:0.001,8
Inner71,3,1,1,0,11,0,13,6,0,8,0,-1,2,0,2,3,12,1,16,0,5,17,4,0,5,-1,0:0.01/5:0.99,2,-1,8
Inner16,3,1,1,0,11,0,13,6,0,8,0,-1,2,0,2,3,12,1,-1:0.04/16:0.96,0,5,17,4,0,5,-1,0:0.01/5:0.99,2,-1,8
1802,3,1,1,0,-1:0.13/11:0.87,0,13,-1:0.13/6:0.87,0:0.78/-1:0.13/1:0.015/2:0.015/3:0.015/4:0.015/5:0.015/6:0.015,8,1,-1,2,0,2,3,12,1,-1:0.16/16:0.84,0,5,-1:0.13/17:0.87,4,3,5,-1,0:0.01/-1:0.13/5:0.86,2,-1,8
1682,3,1,1,0,11,0,13,6,0,-1:0.13/8:0.87,0,-1,2,0,2,3,12,1,-1:0.16/16:0.84,0,5,17,4,0,5,-1,5,2,-1,8
Inner2,3,1,1,0,11,0,13,6,0,8,0,-1,2,0,2,3,12,1,16,0,5,17,4,29,5,-1,5,2,-1,8
1276,3,1,1,0,11,0,13,6,0,8,0,-1,2,0,2,3,12,1,16,0,5,17,-1:0.01/4:0.99,29,-1:0.01/5:0.99,-1,5,2,-1,8
1277,-1:0.01/3:0.99,1,1,0,11,0,13,6,0,8,0,-1,2,0,2,3,12,1,16,0,5,17,4,29,5,-1,5,2,-1,8
1656,3,1,1,0,11,1,13,6,0,8,0,-1,2,0:0.54/-1:0.27/1:0.011/2:0.011/3:0.011/4:0.011/5:0.011/6:0.011/11:0.011/13:0.011/14:0.011/18:0.011/19:0.011/22:0.011/25:0.011/26:0.011/27:0.011/28:0.011/29:0.011,2,0:0.21/-1:0.27/3:0.52,-1:0.27/12:0.73,1,16,1,2,17,4,0,5,0:0.05/-1:0.91/1:0.004/2:0.004/39:0.004/9:0.004/11:0.004/14:0.004/16:0.004/19:0.004/21:0.004/23:0.004,0,2,0:0.05/-1:0.91/32:0.002/1:0.002/34:0.002/3:0.002/36:0.002/4:0.002/5:0.002/7:0.002/37:0.002/6:0.002/14:0.002/18:0.002/20:0.002/21:0.002/25:0.002/27:0.002/29:0.002/30:0.002,-1:0.27/8:0.73
Inner92,3,1,0,0:0.03/1:0.97,11,2,13,0,0,8,0:0.05/1:0.95,-1,2,0,2,0,12,1,16,0,0,17,4,0,0,0,0:0.01/11:0.99,2,0,8
Inner55,3,1,0,1,11,2,13,0,0,8,1,-1,2,0,2,0,12,1,16,0,0,17,4,21,0,0,11,2,0,8
1927,-1:0.19/3:0.81,1,0,1,11,2,-1:0.19/13:0.81,0:0.67/-1:0.19/4:0.023/6:0.023/10:0.023/13:0.023/16:0.023/20:0.023,3,8,1,-1,2,0,-1:0.19/2:0.81,0,12,1,-1:0.19/16:0.81,0,0,17,4,21,0:0.67/-1:0.19/1:0.014/4:0.014/5:0.014/8:0.014/12:0.014/15:0.014/16:0.014/17:0.014/21:0.014/30:0.014,1,11,2,0,8
Inner47,3,1,0,1,11,2,13,0,0,8,1,-1,2,0,2,0,12,1,16,0,0,17,4,21,0,0,11,2,0,8
Inner80,3,1,0,1,11,2,13,0,0,8,1,-1,2,0,2,0,12,1,16,0,0,17,4,21,0,0,11,2,0,8
1926,-1:0.18/3:0.82,1,0,1,11,-1:0.18/2:0.82,13,0,3,8,1,-1,2,0:0.69/-1:0.18/1:0.008/2:0.008/3:0.008/4:0.008/5:0.008/6:0.008/11:0.008/13:0.008/14:0.008/18:0.008/19:0.008/22:0.008/25:0.008/26:0.008/27:0.008/28:0.008/29:0.008,2,0,12,-1:0.18/1:0.82,16,0:0.69/-1:0.18/32:0.009/1:0.009/33:0.009/4:0.009/37:0.009/38:0.009/42:0.009/11:0.009/12:0.009/17:0.009/18:0.009/21:0.009/22:0.009/31:0.009,0,17,4,21,0,0:0.69/-1:0.18/1:0.013/2:0.013/39:0.013/9:0.013/11:0.013/14:0.013/16:0.013/19:0.013/21:0.013/23:0.013,11,2,0,8
Inner7,3,1,0,1,-1:0.62/11:0.38,2,13,0,2,8,1,-1,2,0,2,0,12,1,16,0,0,17,4,21,0,0,11,2,0,8
1849,-1:0.01/3:0.99,1,0,1,-1:0.62/11:0.38,2,13,0,2,8,1,-1,2,0,2,0,12,1,16,0,0,17,4,21,0,0,11,2,0,-1:0.01/8:0.99
1848,3,1,0,-1:0.01/1:0.99,-1:0.62/11:0.38,2,13,0,2,8,1,-1,2,0,2,0,12,1,-1:0.01/16:0.99,0,0,17,4,21,0,0,11,2,0,8
1876,3,1,0,1,11,2,13,0,0:0.68/-1:0.19/1:0.022/2:0.022/3:0.022/4:0.022/5:0.022/6:0.022,8,1,-1,-1:0.19/2:0.81,0,2,0,12,1,16,0,0,17,4,21,0,16,-1:0.19/11:0.81,2,0,8
Inner75,3,1,0,0:0.01/1:0.99,11,2,13,0:0.47/16:0.53,0:0.02/3:0.98,8,1,-1,2,0,2,0,12,1,16,0,0,17,-1:0.79/4:0.21,0,0,0,11,2,0,8
Inner3,3,1,0,1,11,2,13,16,3,8,1,-1,2,0,2,0,12,1,16,31,0,17,-1:0.91/4:0.09,29,0,0,11,2,0:0.38/-1:0.56/32:0.003/1:0.003/34:0.003/3:0.003/36:0.003/4:0.003/5:0.003/7:0.003/37:0.003/6:0.003/14:0.003/18:0.003/20:0.003/21:0.003/25:0.003/27:0.003/29:0.003/30:0.003,8
1990,3,1,0,1,11,2,13,16,3,8,1,-1,2,0,-1:0.01/2:0.99,0,12,-1:0.01/1:0.99,16,31,0,17,-1:0.91/4:0.09,29,0,0,11,2,0:0.38/-1:0.56/32:0.003/1:0.003/34:0.003/3:0.003/36:0.003/4:0.003/5:0.003/7:0.003/37:0.003/6:0.003/14:0.003/18:0.003/20:0.003/21:0.003/25:0.003/27:0.003/29:0.003/30:0.003,8
1991,3,1,0,1,11,2,13,16,3,-1:0.01/8:0.99,1,-1,2,0:0.99/-1:0.01,2,0,12,1,16,31,0,17,-1:0.91/4:0.09,29,0,0,11,2,0:0.38/-1:0.56/32:0.003/1:0.003/34:0.003/3:0.003/36:0.003/4:0.003/5:0.003/7:0.003/37:0.003/6:0.003/14:0.003/18:0.003/20:0.003/21:0.003/25:0.003/27:0.003/29:0.003/30:0.003,8
1934,3,1,0,0:0.01/-1:0.15/1:0.84,11,2,13,0:0.34/-1:0.15/16:0.51,3,8,1,-1,-1:0.15/2:0.85,0,2,0,12,1,16,0,0,17,-1:0.82/4:0.18,0,0,0,11,2,0,-1:0.15/8:0.85
Inner144,3,0,0,0,11,0,13,0,0,0,0:0.84/1:0.16,3,2,0,2,0,12,1,0,0,0,17,4,0,0,0,0,2,0,8
Inner160,3,0,0,0,11,0,13,0,0,0,0:0.26/1:0.74,3,2,0,2,0:0.04/3:0.96,12,1,0,0,0,17,4,0:0.05/27:0.95,0,0,2,2,0,8
1116,-1:0.43/3:0.57,0:0.32/-1:0.43/1:0.062/2:0.062/3:0.062/4:0.062,0,1,11,6,-1:0.43/13:0.57,20,0,13,1,-1:0.43/3:0.57,2,0:0.32/-1:0.43/1:0.015/2:0.015/3:0.015/4:0.015/5:0.015/6:0.015/11:0.015/13:0.015/14:0.015/18:0.015/19:0.015/22:0.015/25:0.015/26:0.015/27:0.015/28:0.015/29:0.015,2,0:0.01/-1:0.43/3:0.56,-1:0.43/12:0.57,1,0,32,6,17,4,0:0.02/-1:0.43/27:0.55,0,0:0.32/-1:0.43/1:0.025/2:0.025/39:0.025/9:0.025/11:0.025/14:0.025/16:0.025/19:0.025/21:0.025/23:0.025,2,2,4,8
Inner138,3,0,0,0,11,0,13,0,0,0,0:0.25/1:0.75,3,2,0,2,0:0.01/3:0.99,12,1,0,0,0,17,4,0:0.02/27:0.98,0,0,2,2,0,8
Inner69,3,0:0.42/2:0.58,0,0,11,0,13,0:0.01/16:0.99,0,0,0:0.01/-1:0.94/1:0.05,3,2,1,2,3,12,1,0,0,0,17,4,27,0,0:0.13/21:0.87,2,2,0,8
1757,3,2,0,0,11,0,13,16,5,0,0:0.01/-1:0.96/1:0.03,3,2,1,2,3,12,1,0,0,0,17,4,27,0,0:0.08/-1:0.26/21:0.66,2,2,0,8
Inner68,3,0:0.2/-1:0.49/2:0.31,0,0,11,0,13,16,0,0,0:0.01/-1:0.97/1:0.02,3,2,1,2,3,12,1,0:0.8/7:0.2,0:0.8/22:0.2,0,17,4,27,0,0:0.01/21:0.99,2,2,0,8
Inner36,3,0:0.05/-1:0.83/2:0.12,1,0,11,0,13,16,0,0,-1:0.99/1:0.01,3,2,1,2,3,12,1,0:0.21/-1:0.67/7:0.12,0:0.02/22:0.98,0,17,4,27,0,21,2,2,0,8
1344,3,0:0.05/-1:0.83/2:0.12,1,0,11,0,13,16,0,0,-1:0.99/1:0.01,3,2,1,-1:0.01/2:0.99,3,12,1,0:0.21/-1:0.67/7:0.12,0:0.02/-1:0.01/22:0.97,0,17,4,-1:0.01/27:0.99,0,21,2,2,0,8
1569,3,0:0.05/-1:0.83/2:0.12,1,0,11,0,13,16,0,0,-1:0.99/1:0.01,3,2,-1:0.01/1:0.99,2,3,12,-1:0.01/1:0.99,0:0.21/-1:0.67/7:0.12,22,0,-1:0.01/17:0.99,4,27,0,21,2,2,0,8
1777,3,0:0.13/-1:0.6/2:0.27,0,1,11,0:0.62/-1:0.22/1:0.016/2:0.016/3:0.016/5:0.016/6:0.016/7:0.016/8:0.016/10:0.016/12:0.016/15:0.016,13,16,3,0,-1:0.98/1:0.02,3,2,1,2,3,12,1,7,0:0.5/-1:0.22/22:0.28,0,-1:0.22/17:0.78,4,27,0,21,2,2,0,-1:0.22/8:0.78
Inner152,3,0,0,0,11,0:0.06/6:0.94,13,0:0.65/20:0.35,0,0,0:0.12/1:0.88,3,2,0,2,3,12,1,0,0,0,17,4,27,0,0,2,2,0,8
1432,3,1,1,1,11,6,13,0:0.25/-1:0.38/20:0.37,0,0:0.38/-1:0.38/2:0.03/4:0.03/6:0.03/7:0.03/8:0.03/13:0.03/15:0.03/22:0.03,1,3,2,0:0.38/-1:0.38/1:0.014/2:0.014/3:0.014/4:0.014/5:0.014/6:0.014/11:0.014/13:0.014/14:0.014/18:0.014/19:0.014/22:0.014/25:0.014/26:0.014/27:0.014/28:0.014/29:0.014,2,3,-1:0.38/12:0.62,1,0,0:0.38/-1:0.38/32:0.017/1:0.017/33:0.017/4:0.017/37:0.017/38:0.017/42:0.017/11:0.017/12:0.017/17:0.017/18:0.017/21:0.017/22:0.017/31:0.017,0:0.38/-1:0.38/1:0.024/2:0.024/5:0.024/6:0.024/7:0.024/9:0.024/13:0.024/14:0.024/15:0.024/20:0.024,-1:0.38/17:0.62,4,27,30,0,2,2,30,8
Inner133,3,0,0,0,11,6,13,0:0.02/20:0.98,0,0,0:0.02/1:0.98,3,2,0,2,3,12,1,0,0,0,17,4,27,0,0,2,2,0,-1:0.9/8:0.1
Inner40,3,0,0,0,11,6,13,20,0,0,1,3,2,0,-1:0.74/2:0.26,3,12,1,0,0,0,17,4,27,0,0,2,2,0,-1:0.97/8:0.03
1738,3,0,0,0,11,6,13,20,0,0,1,3,-1:0.01/2:0.99,0,-1:0.75/2:0.25,3,12,1,0,0,0,17,4,27,0,0,2,-1:0.01/2:0.99,0,-1:0.97/8:0.03
1761,3,0,0:0.99/-1:0.01,0,11,6,-1:0.01/13:0.99,20,0,0,-1:0.01/1:0.99,3,2,0,-1:0.75/2:0.25,3,12,-1:0.01/1:0.99,0,0,0,17,-1:0.01/4:0.99,27,0:0.99/-1:0.01,0,2,2,0,-1:0.97/8:0.03
Inner101,3,0,0:0.11/1:0.89,0,-1:0.52/11:0.48,6,13,20,0,0,1,-1:0.52/3:0.48,2,0,2,3,12,1,0:0.01/14:0.99,0,0,-1:0.52/17:0.48,4,27,0,0,2,2,0,-1:0.95/8:0.05
1923,3,0,1,0:0.71/-1:0.17/1:0.04/4:0.04/6:0.04,-1:0.6/11:0.4,6,13,20,0,13,1,-1:0.6/3:0.4,2,0,2,3,12,1,14,0,0,-1:0.6/17:0.4,4,27,15,1,2,-1:0.17/2:0.83,0,-1:0.96/8:0.04
1846,-1:0.17/3:0.83,0,1,0,-1:0.6/11:0.4,6,-1:0.17/13:0.83,20,0,0,1,-1:0.6/3:0.4,2,0,2,-1:0.17/3:0.83,-1:0.17/12:0.83,1,14,0,0,-1:0.6/17:0.4,4,-1:0.17/27:0.83,0,0,2,2,0:0.71/-1:0.17/32:0.007/1:0.007/34:0.007/3:0.007/36:0.007/4:0.007/5:0.007/7:0.007/37:0.007/6:0.007/14:0.007/18:0.007/20:0.007/21:0.007/25:0.007/27:0.007/29:0.007/30:0.007,-1:0.96/8:0.04
Inner142,3,0,0,0,11,0,13,13,-1,0,0:0.03/1:0.97,3,2,0,2,0,12,1,6,0,0,17,4,0,0,0,0,2,0,8
Inner132,3,0:0.12/1:0.88,0,0,11,0,13,13,-1,0,0:0.01/1:0.99,3,2,0,2,0,12,1,6,0,0,17,4,0,0:0.02/17:0.98,0,0,2,0,8
Inner73,3,1,0:0.11/1:0.89,0,11,0,13,13,-1,0,1,3,2,0,2,0,12,1,6,33,0,17,4,0:0.03/5:0.97,17,0,0,2,0,8
1938,3,1,1,0,11,10,13,13,-1,0,1,3,2,0,2,0,12,1,6,33,0,-1:0.2/17:0.8,4,0:0.02/-1:0.2/5:0.78,17,0:0.66/-1:0.2/1:0.014/2:0.014/39:0.014/9:0.014/11:0.014/14:0.014/16:0.014/19:0.014/21:0.014/23:0.014,0,2,0,8
Inner56,3,1,0:0.11/1:0.89,0:0.96/-1:0.03/1:0.003/4:0.003/6:0.003,11,0,13,13,-1,0,1,3,2,0,2,0,12,1,6,33,0,17,4,0:0.01/5:0.99,17,0,0,2,0,8
1020,3,1,1,0:0.64/-1:0.22/1:0.047/4:0.047/6:0.047,-1:0.2/11:0.8,0:0.66/-1:0.2/1:0.014/2:0.014/3:0.014/5:0.014/6:0.014/7:0.014/8:0.014/10:0.014/12:0.014/15:0.014,13,13,-1,0,1,3,2,5,2,0,12,1,6,33,13,17,4,5,-1:0.2/17:0.8,0,0,2,0,8
1836,3,1,0:0.07/-1:0.2/1:0.73,0:0.64/-1:0.22/1:0.047/4:0.047/6:0.047,11,0,13,13,-1,0,-1:0.2/1:0.8,3,2,0,2,0,12,-1:0.2/1:0.8,6,33,0,17,4,5,17,0,0,2,34,8
Inner109,3,0:0.07/1:0.93,0,0,11,0:0.58/10:0.42,13,13,-1,0,1,3,2,0:0.58/13:0.42,2,0:0.45/-1:0.48/2:0.006/3:0.006/6:0.006/7:0.006/10:0.006/12:0.006/14:0.006/17:0.006/18:0.006/21:0.006/26:0.006/27:0.006,12,1,6,0,0,17,4,0,17,0,0:0.04/15:0.96,2,0,8
1721,3,1,0,0,11,0:0.33/-1:0.26/10:0.41,13,-1:0.26/13:0.74,-1,0,1,3,-1:0.26/2:0.74,0:0.33/-1:0.26/13:0.41,2,0:0.25/-1:0.61/2:0.012/3:0.012/6:0.012/7:0.012/10:0.012/12:0.012/14:0.012/17:0.012/18:0.012/21:0.012/26:0.012/27:0.012,12,1,6,0,7,17,4,0,17,0,15,-1:0.26/2:0.74,0,-1:0.26/8:0.74
1916,3,0:0.04/-1:0.26/1:0.7,0,0,11,10,13,13,-1,0:0.57/-1:0.26/2:0.021/4:0.021/6:0.021/7:0.021/8:0.021/13:0.021/15:0.021/22:0.021,1,3,2,13,2,0:0.25/-1:0.61/2:0.012/3:0.012/6:0.012/7:0.012/10:0.012/12:0.012/14:0.012/17:0.012/18:0.012/21:0.012/26:0.012/27:0.012,12,1,-1:0.26/6:0.74,0,0,17,4,0:0.57/-1:0.26/3:0.021/5:0.021/16:0.021/18:0.021/19:0.021/21:0.021/27:0.021/29:0.021,17,0,15,2,4,8
Inner137,3,0,0:0.35/1:0.65,0,11,0,13,13,-1,0,0:0.01/1:0.99,3,2,0,2,0,12,1,6,0,0,17,4,0,0,0,0,2,0,8
Inner127,3,0,0:0.09/1:0.91,0,11,0,13,13,-1,0,1,3,2,0,2,0,12,1,6,0,0:0.03/5:0.97,17,4,0,0,0,0,2,0,8
Inner122,3,0,0:0.02/1:0.98,0,11,0:0.29/-1:0.68/1:0.003/2:0.003/3:0.003/5:0.003/6:0.003/7:0.003/8:0.003/10:0.003/12:0.003/15:0.003,13,13,-1,0,1,3,2,0,2,0,12,1,6,0:0.46/42:0.54,5,17,4,0,0,0,0:0.73/5:0.27,2,0,8
1954,3,0,1,1,-1:0.3/11:0.7,0:0.14/-1:0.78/1:0.008/2:0.008/3:0.008/5:0.008/6:0.008/7:0.008/8:0.008/10:0.008/12:0.008/15:0.008,13,13,-1,0,1,3,-1:0.3/2:0.7,0,2,0:0.49/-1:0.3/2:0.017/3:0.017/6:0.017/7:0.017/10:0.017/12:0.017/14:0.017/17:0.017/18:0.017/21:0.017/26:0.017/27:0.017,12,1,6,0:0.23/-1:0.3/42:0.47,5,17,4,0,0,0,0:0.36/-1:0.3/5:0.34,2,0,-1:0.3/8:0.7
Inner93,3,0:0.59/-1:0.35/1:0.015/2:0.015/3:0.015/4:0.015,0:0.01/1:0.99,0,11,0:0.17/-1:0.79/1:0.004/2:0.004/3:0.004/5:0.004/6:0.004/7:0.004/8:0.004/10:0.004/12:0.004/15:0.004,13,13,-1,0,1,3,2,0,2,0,12,1,6,0:0.02/42:0.98,5,17,4,0,0,0:0.59/-1:0.35/1:0.006/2:0.006/39:0.006/9:0.006/11:0.006/14:0.006/16:0.006/19:0.006/21:0.006/23:0.006,0:0.51/5:0.49,2,0,8
1870,3,0:0.35/-1:0.51/1:0.035/2:0.035/3:0.035/4:0.035,1,0,11,0:0.1/-1:0.84/1:0.006/2:0.006/3:0.006/5:0.006/6:0.006/7:0.006/8:0.006/10:0.006/12:0.006/15:0.006,13,13,-1,0,1,3,2,0,2,6,12,1,6,42,5,17,4,0,0,0:0.35/-1:0.51/1:0.014/2:0.014/39:0.014/9:0.014/11:0.014/14:0.014/16:0.014/19:0.014/21:0.014/23:0.014,0:0.3/-1:0.24/5:0.46,2,0,8
1225,3,0:0.35/-1:0.51/1:0.035/2:0.035/3:0.035/4:0.035,1,0,11,0:0.1/-1:0.84/1:0.006/2:0.006/3:0.006/5:0.006/6:0.006/7:0.006/8:0.006/10:0.006/12:0.006/15:0.006,-1:0.24/13:0.76,13,-1,0:0.59/-1:0.24/2:0.021/4:0.021/6:0.021/7:0.021/8:0.021/13:0.021/15:0.021/22:0.021,1,-1:0.24/3:0.76,-1:0.24/2:0.76,28,2,0,12,-1:0.24/1:0.76,6,42,5,17,4,0:0.59/-1:0.24/3:0.021/5:0.021/16:0.021/18:0.021/19:0.021/21:0.021/27:0.021/29:0.021,0:0.59/-1:0.24/1:0.017/4:0.017/5:0.017/8:0.017/12:0.017/15:0.017/16:0.017/17:0.017/21:0.017/30:0.017,0:0.35/-1:0.51/1:0.014/2:0.014/39:0.014/9:0.014/11:0.014/14:0.014/16:0.014/19:0.014/21:0.014/23:0.014,5,2,0:0.59/-1:0.24/32:0.009/1:0.009/34:0.009/3:0.009/36:0.009/4:0.009/5:0.009/7:0.009/37:0.009/6:0.009/14:0.009/18:0.009/20:0.009/21:0.009/25:0.009/27:0.009/29:0.009/30:0.009,8
Inner44,3,0,1,0,11,0,13,13,-1,0,1,3,2,13,2,0,12,1,6,0,0:0.01/5:0.99,17,-1:0.97/4:0.03,0,0,0,0,2,3,8
Inner27,-1:0.03/3:0.97,0,1,0,11,0,13,13,-1,0,1,3,2,13,2,0,12,1,6,0,0:0.01/-1:0.03/5:0.96,17,-1:0.97/4:0.03,0,0,0,0,2,3,8
1622,-1:0.23/3:0.77,0,1,0,-1:0.2/11:0.8,0,13,13,-1,15,-1:0.2/1:0.8,3,2,13,2,0,12,1,6,0,0:0.01/-1:0.23/5:0.76,17,-1:0.98/4:0.02,0,0:0.65/-1:0.2/1:0.015/4:0.015/5:0.015/8:0.015/12:0.015/15:0.015/16:0.015/17:0.015/21:0.015/30:0.015,9,0,2,3,8
1431,-1:0.23/3:0.77,1,1,0,11,0,13,13,-1,0,1,3,2,13,2,12,12,-1:0.2/1:0.8,6,0,0:0.01/-1:0.23/5:0.76,17,-1:0.98/4:0.02,0,0,0,0,2,3,8
Inner22,3,0,1,0,11,0,13,13,-1,0:0.48/-1:0.46/2:0.007/4:0.007/6:0.007/7:0.007/8:0.007/13:0.007/15:0.007/22:0.007,1,3,2,13,2,0,12,1,6,0,5,17,-1:0.99/4:0.01,0,0,0,0:0.48/-1:0.46/1:0.007/2:0.007/3:0.007/4:0.007/5:0.007/8:0.007/11:0.007/15:0.007,2,3,8
1623,3,0,1,0:0.81/-1:0.11/1:0.027/4:0.027/6:0.027,11,0,13,13,-1,0:0.39/-1:0.52/2:0.011/4:0.011/6:0.011/7:0.011/8:0.011/13:0.011/15:0.011/22:0.011,1,3,-1:0.11/2:0.89,13,2,0,12,1,6,0,5,17,-1:0.99/4:0.01,0,0,9,0:0.39/-1:0.52/1:0.011/2:0.011/3:0.011/4:0.011/5:0.011/8:0.011/11:0.011/15:0.011,2,3,8
1696,-1:0.11/3:0.89,0,1,0,11,0,-1:0.11/13:0.89,13,-1,0:0.39/-1:0.52/2:0.011/4:0.011/6:0.011/7:0.011/8:0.011/13:0.011/15:0.011/22:0.011,-1:0.11/1:0.89,3,2,13,2,0,12,1,-1:0.11/6:0.89,0,5,17,-1:0.99/4:0.01,0,0,0,0:0.39/-1:0.52/1:0.011/2:0.011/3:0.011/4:0.011/5:0.011/8:0.011/11:0.011/15:0.011,2,3,8
Inner105,3,0,0:0.15/1:0.85,0:0.06/1:0.94,11,0,13,13,-1,0,1,3,2,0,2,0,12,1,6,0:0.01/18:0.99,0,17,4,0,0,0,0,2,0,8
Inner113,3,0,0:0.11/1:0.89,0:0.01/1:0.99,11,0,13,13,-1,0,1,3,2,0,2,0:0.05/12:0.95,12,1,6,18,0:0.69/7:0.31,17,4,0,0,0:0.69/2:0.31,0,2,0,8
2027,-1:0.29/3:0.71,0,0:0.05/-1:0.29/1:0.66,1,11,0:0.51/-1:0.29/1:0.02/2:0.02/3:0.02/5:0.02/6:0.02/7:0.02/8:0.02/10:0.02/12:0.02/15:0.02,13,13,-1,0:0.51/-1:0.29/2:0.025/4:0.025/6:0.025/7:0.025/8:0.025/13:0.025/15:0.025/22:0.025,1,3,2,0,2,12,12,-1:0.29/1:0.71,6,18,7,17,-1:0.29/4:0.71,0:0.51/-1:0.29/3:0.025/5:0.025/16:0.025/18:0.025/19:0.025/21:0.025/27:0.025/29:0.025,0,0:0.35/-1:0.29/2:0.36,0,2,0:0.51/-1:0.29/32:0.011/1:0.011/34:0.011/3:0.011/36:0.011/4:0.011/5:0.011/7:0.011/37:0.011/6:0.011/14:0.011/18:0.011/20:0.011/21:0.011/25:0.011/27:0.011/29:0.011/30:0.011,8
Inner19,3,0,1,1,11,0,13,13,-1,0,1,-1:0.75/3:0.25,2,0,2,12,12,1,6,18,0:0.12/-1:0.75/7:0.13,17,4,0,0:0.18/-1:0.75/1:0.007/4:0.007/5:0.007/8:0.007/12:0.007/15:0.007/16:0.007/17:0.007/21:0.007/30:0.007,2,0,2,0,8
1535,3,0,1,1,11,0,13,13,-1,0:0.99/-1:0.01,1,-1:0.75/3:0.25,2,0:0.99/-1:0.01,-1:0.01/2:0.99,12,12,1,6,18,0:0.12/-1:0.75/7:0.13,17,4,0,0:0.18/-1:0.75/1:0.007/4:0.007/5:0.007/8:0.007/12:0.007/15:0.007/16:0.007/17:0.007/21:0.007/30:0.007,2,0,2,0,8
1534,3,0,1,1,11,0,13,13,-1,0,1,-1:0.75/3:0.25,-1:0.01/2:0.99,0,2,-1:0.01/12:0.99,12,-1:0.01/1:0.99,6,18,0:0.12/-1:0.75/7:0.13,17,4,0,0:0.18/-1:0.75/1:0.007/4:0.007/5:0.007/8:0.007/12:0.007/15:0.007/16:0.007/17:0.007/21:0.007/30:0.007,2,0,2,0,8
Inner54,3,0,0:0.06/1:0.94,1,11,0:0.01/10:0.99,13,13,-1,0:0.01/7:0.99,1,3,2,0,2,0,12,1,-1:0.93/6:0.07,18,0,17,4,0,0,0,0,2,0,8
1822,3,0,0:0.03/-1:0.29/1:0.68,1,11,10,13,13,-1,7,1,3,-1:0.29/2:0.71,0:0.51/-1:0.29/1:0.012/2:0.012/3:0.012/4:0.012/5:0.012/6:0.012/11:0.012/13:0.012/14:0.012/18:0.012/19:0.012/22:0.012/25:0.012/26:0.012/27:0.012/28:0.012/29:0.012,2,0:0.51/-1:0.29/2:0.017/3:0.017/6:0.017/7:0.017/10:0.017/12:0.017/14:0.017/17:0.017/18:0.017/21:0.017/26:0.017/27:0.017,12,1,-1:0.95/6:0.05,18,0:0.51/-1:0.29/1:0.02/2:0.02/5:0.02/6:0.02/7:0.02/9:0.02/13:0.02/14:0.02/15:0.02/20:0.02,17,4,19,0,0,0:0.51/-1:0.29/1:0.025/2:0.025/3:0.025/4:0.025/5:0.025/8:0.025/11:0.025/15:0.025,2,0,-1:0.29/8:0.71
Inner74,3,0,0:0.03/1:0.97,1,-1:0.79/11:0.21,10,13,13,-1,7,1,3,2,0,2,0,12,1,-1:0.99/6:0.01,18,0,17,4,0,0,0,0,2,0,8
Inner20,3,0:0.01/1:0.99,1,1,-1:0.91/11:0.09,10,13,13,-1,7,1,3,2,0,2,0,12,1,-1:0.99/6:0.01,18,0,17,4,0,0,0,0,2,0,8
1993,3,1,1,-1:0.11/1:0.89,-1:0.92/11:0.08,10,13,13,-1,7,1,3,2,0,2,0,12,1,-1:0.99/6:0.01,18,0,17,4,0,0,0,0,2,0,8
1925,3,1,1,1,-1:0.92/11:0.08,10,13,13,-1,7,1,3,2,0,2,0:0.8/-1:0.11/2:0.007/3:0.007/6:0.007/7:0.007/10:0.007/12:0.007/14:0.007/17:0.007/18:0.007/21:0.007/26:0.007/27:0.007,12,1,-1:0.99/6:0.01,18,0:0.8/-1:0.11/1:0.009/2:0.009/5:0.009/6:0.009/7:0.009/9:0.009/13:0.009/14:0.009/15:0.009/20:0.009,17,4,0,17,0,0:0.8/-1:0.11/1:0.011/2:0.011/3:0.011/4:0.011/5:0.011/8:0.011/11:0.011/15:0.011,2,0,8
Inner31,3,0,0:0.01/1:0.99,1,-1:0.97/11:0.03,10,13,13,-1,7,1,-1:0.84/3:0.16,2,0,2,0:0.37/10:0.63,12,1,-1,18,0,17,4,0:0.01/3:0.99,0,0:0.01/19:0.99,0:0.01/15:0.99,2,0,8
Inner5,3,3,0:0.01/-1:0.51/1:0.48,1,-1:0.98/11:0.02,10,13,13,-1,7,1,-1:0.92/3:0.08,2,0,2,10,12,1,-1,18,0,17,4,3,0,19,15,2,0,-1:0.51/8:0.49
1775,3,3,0:0.01/-1:0.52/1:0.47,1,-1:0.98/11:0.02,10,13,-1:0.01/13:0.99,-1,7,1,-1:0.92/3:0.08,2,0,2,10,12,-1:0.01/1:0.99,-1,18,0,17,4,3,0,19,-1:0.01/15:0.99,-1:0.01/2:0.99,0:0.99/-1:0.01,-1:0.52/8:0.48
1774,3,3,0:0.01/-1:0.52/1:0.47,-1:0.01/1:0.99,-1:0.98/11:0.02,10,13,13,-1,7,1,-1:0.92/3:0.08,2,0,2,10,12,1,-1,18,0,17,4,3,0:0.99/-1:0.01,19,15,2,0,-1:0.52/8:0.48
1845,3,1,1,-1:0.13/1:0.87,-1:0.97/11:0.03,10,13,13,-1,7,1,-1:0.86/3:0.14,2,0,2,0:0.29/-1:0.13/10:0.58,12,1,-1,18,0,17,4,3,0,19,15,2,0,8
Inner124,3,0,0,0,11,0,-1:0.99/13:0.01,0,0,7,0,-1:0.99/3:0.01,2,0,2,0,12,1,0,18,0,17,4,0,0,0,0,2,0,8
1447,3,0,1,0,11,0:0.35/-1:0.4/1:0.025/2:0.025/3:0.025/5:0.025/6:0.025/7:0.025/8:0.025/10:0.025/12:0.025/15:0.025,-1,0,1,7,1,-1,2,0,2,0,12,1,2,18,20,-1:0.4/17:0.6,4,0,0,0,4,2,0,8
Inner150,3,0,0,0,11,0,-1,0,0,7,0,-1,2,0,2,0,12,1,0,18,0,17,4,0,0,0,0,2,0,8
Inner134,3,0,0,0,11,0,-1,0:0.06/-1:0.93/4:0.002/6:0.002/10:0.002/13:0.002/16:0.002/20:0.002,0,7,0,-1,2,0,2,0,12,1,0,18,0,17,4,0,0,0,0,2,0,8
Inner108,3,0,0,0,11,0,-1,0:0.03/-1:0.96/4:0.002/6:0.002/10:0.002/13:0.002/16:0.002/20:0.002,0,7,0,-1,2,0,2,0,12,1,0,18,0:0.1/15:0.9,17,4,0,0,0:0.84/14:0.16,0,2,0,8
1509,3,1,0,0,-1:0.34/11:0.66,0,-1,0:0.01/-1:0.98/4:0.002/6:0.002/10:0.002/13:0.002/16:0.002/20:0.002,0,7,0,-1,2,0:0.44/-1:0.34/1:0.013/2:0.013/3:0.013/4:0.013/5:0.013/6:0.013/11:0.013/13:0.013/14:0.013/18:0.013/19:0.013/22:0.013/25:0.013/26:0.013/27:0.013/28:0.013/29:0.013,2,0,12,1,16,18,15,17,4,0,0,0:0.37/-1:0.34/14:0.29,0,2,1,-1:0.34/8:0.66
Inner82,3,0,0:0.07/1:0.93,0,11,0:0.35/15:0.65,-1,0:0.01/-1:0.99,0,7,0,-1,-1:0.63/2:0.37,0,2,0,12,1,0,18,15,17,4,0,0:0.01/30:0.99,0:0.29/14:0.71,0,2,0:0.35/34:0.65,8
1010,3,0,1,0:0.71/-1:0.17/1:0.04/4:0.04/6:0.04,11,0:0.25/-1:0.17/15:0.58,-1,0:0.01/-1:0.99,4,7,0,-1,-1:0.69/2:0.31,0:0.71/-1:0.17/1:0.007/2:0.007/3:0.007/4:0.007/5:0.007/6:0.007/11:0.007/13:0.007/14:0.007/18:0.007/19:0.007/22:0.007/25:0.007/26:0.007/27:0.007/28:0.007/29:0.007,-1:0.17/2:0.83,0,12,1,0,-1:0.17/18:0.83,15,17,4,0,30,14,0,2,0:0.25/-1:0.17/34:0.58,-1:0.17/8:0.83
2005,3,0,1,0,-1:0.17/11:0.83,15,-1,0:0.01/-1:0.99,0,-1:0.17/7:0.83,0,-1,-1:0.69/2:0.31,0,2,0,12,1,0:0.71/-1:0.17/1:0.01/2:0.01/3:0.01/6:0.01/7:0.01/9:0.01/10:0.01/11:0.01/14:0.01/16:0.01/18:0.01/19:0.01,18,15,17,4,0,30,0:0.21/-1:0.17/14:0.62,0,2,34,8
Inner145,3,0,0,0,11,8,-1,-1,0,7,0,-1,2,0,2,0,12,1,0,18,5,17,4,0,0,0,15,2,0,8
Inner81,3,0,0,0,11,8,-1,-1,0,7,0,-1,2,0,2,0,12,1,0,18,5,17,4,0:0.41/-1:0.57/3:0.003/5:0.003/16:0.003/18:0.003/19:0.003/21:0.003/27:0.003/29:0.003,0,0,15,2,0,8
1336,3,0:0.58/-1:0.25/1:0.043/2:0.043/3:0.043/4:0.043,0:0.58/-1:0.25/1:0.17,0,11,8,-1,-1,0,7,0,-1,2,14,2,26,12,1,0,18,5,17,4,0:0.24/-1:0.68/3:0.01/5:0.01/16:0.01/18:0.01/19:0.01/21:0.01/27:0.01/29:0.01,0,0,15,2,0,8
Inner51,3,0,0,0,11,8,-1,-1,0,7,0,-1,2,0,2,0,12,1,0,18,-1:0.03/5:0.97,17,4,0:0.4/-1:0.59/3:0.001/5:0.001/16:0.001/18:0.001/19:0.001/21:0.001/27:0.001/29:0.001,0,0,15,2,0,8
1304,3,4,0,0,11,-1:0.24/8:0.76,-1,-1,0,7,1,-1,2,0,2,0,12,1,0,-1:0.24/18:0.76,-1:0.27/5:0.73,17,4,0:0.23/-1:0.69/3:0.01/5:0.01/16:0.01/18:0.01/19:0.01/21:0.01/27:0.01/29:0.01,0,0,15,2,1,8
1370,3,0,0,0,11,8,-1,-1,0,-1:0.24/7:0.76,0,-1,2,18,2,0:0.59/-1:0.24/2:0.014/3:0.014/6:0.014/7:0.014/10:0.014/12:0.014/14:0.014/17:0.014/18:0.014/21:0.014/26:0.014/27:0.014,12,1,19,18,-1:0.27/5:0.73,17,4,0:0.23/-1:0.69/3:0.01/5:0.01/16:0.01/18:0.01/19:0.01/21:0.01/27:0.01/29:0.01,0:0.59/-1:0.24/1:0.017/4:0.017/5:0.017/8:0.017/12:0.017/15:0.017/16:0.017/17:0.017/21:0.017/30:0.017,0,15,2,0,8
Inner114,3,0,0:0.98/1:0.02,0,11,8,-1,-1,0,7,0,-1,2,0,2,0,12,1,0,18,5,17,4,0,0,0,15,-1:0.03/2:0.97,0,8
1096,3,0,1,1,11,8,-1,-1,0,7,0,-1,2,0:0.54/-1:0.27/1:0.011/2:0.011/3:0.011/4:0.011/5:0.011/6:0.011/11:0.011/13:0.011/14:0.011/18:0.011/19:0.011/22:0.011/25:0.011/26:0.011/27:0.011/28:0.011/29:0.011,2,26,12,1,0:0.54/-1:0.27/1:0.016/2:0.016/3:0.016/6:0.016/7:0.016/9:0.016/10:0.016/11:0.016/14:0.016/16:0.016/18:0.016/19:0.016,-1:0.27/18:0.73,5,17,-1:0.27/4:0.73,0,1,0,15,-1:0.29/2:0.71,0,8
1162,3,0,0:0.53/-1:0.27/1:0.2,0,11,8,-1,-1,0:0.54/-1:0.27/1:0.032/2:0.032/3:0.032/4:0.032/5:0.032/6:0.032,7,0,-1,2,0,2,0,-1:0.27/12:0.73,1,0,18,5,-1:0.27/17:0.73,4,0,17,0:0.54/-1:0.27/1:0.019/2:0.019/39:0.019/9:0.019/11:0.019/14:0.019/16:0.019/19:0.019/21:0.019/23:0.019,15,-1:0.29/2:0.71,0,8
Inner143,3,0,0,0,11,0:0.01/10:0.99,-1,0,0,7,0,-1,2,0,2,0,12,1,0,18,0,17,4,0,0,0,0,2,0,8
Inner111,3,0,0:0.42/1:0.58,0,11,10,-1,0,0:0.71/3:0.29,-1:0.37/7:0.63,0,-1,2,0,2,0,12,1,0,18,0,17,4,0,0:0.71/8:0.29,0:0.07/11:0.93,0,2,0:0.56/-1:0.37/32:0.004/1:0.004/34:0.004/3:0.004/36:0.004/4:0.004/5:0.004/7:0.004/37:0.004/6:0.004/14:0.004/18:0.004/20:0.004/21:0.004/25:0.004/27:0.004/29:0.004/30:0.004,8
1613,-1:0.31/3:0.69,1,1,1,11,10,-1,0,0:0.34/-1:0.31/3:0.35,-1:0.57/7:0.43,0,-1,2,0,-1:0.31/2:0.69,2,12,1,0:0.48/-1:0.31/1:0.017/2:0.017/3:0.017/6:0.017/7:0.017/9:0.017/10:0.017/11:0.017/14:0.017/16:0.017/18:0.017/19:0.017,18,0,17,-1:0.31/4:0.69,0,0:0.34/-1:0.31/8:0.35,11,0,2,0:0.27/-1:0.57/32:0.009/1:0.009/34:0.009/3:0.009/36:0.009/4:0.009/5:0.009/7:0.009/37:0.009/6:0.009/14:0.009/18:0.009/20:0.009/21:0.009/25:0.009/27:0.009/29:0.009/30:0.009,-1:0.31/8:0.69
1308,3,0,1,0,11,10,-1,0,3,-1:0.57/7:0.43,0,-1,2,0:0.48/-1:0.31/1:0.012/2:0.012/3:0.012/4:0.012/5:0.012/6:0.012/11:0.012/13:0.012/14:0.012/18:0.012/19:0.012/22:0.012/25:0.012/26:0.012/27:0.012/28:0.012/29:0.012,2,27,12,1,0,18,9,17,4,0,8,11,0:0.48/-1:0.31/1:0.026/2:0.026/3:0.026/4:0.026/5:0.026/8:0.026/11:0.026/15:0.026,2,0:0.27/-1:0.57/32:0.009/1:0.009/34:0.009/3:0.009/36:0.009/4:0.009/5:0.009/7:0.009/37:0.009/6:0.009/14:0.009/18:0.009/20:0.009/21:0.009/25:0.009/27:0.009/29:0.009/30:0.009,8
Inner126,3,0,0,0:0.97/-1:0.02/1:0.003/4:0.003/6:0.003,11,10,-1,0,0,7,0:0.99/1:0.01,-1,2,0,2,0,12,1,0,18,0,17,4,0:0.99/16:0.01,0,0,0,2,0,8
1632,-1:0.38/3:0.62,0,0,0:0.38/-1:0.39/1:0.077/4:0.077/6:0.077,-1:0.38/11:0.62,10,-1,0,0,7,0:0.39/-1:0.38/1:0.23,-1,2,0,2,0,12,1,9,18,0:0.39/-1:0.38/1:0.023/2:0.023/5:0.023/6:0.023/7:0.023/9:0.023/13:0.023/14:0.023/15:0.023/20:0.023,-1:0.38/17:0.62,4,0:0.39/-1:0.38/16:0.23,0,0,0,-1:0.38/2:0.62,0,-1:0.38/8:0.62
1591,3,0,0,0:0.38/-1:0.39/1:0.077/4:0.077/6:0.077,11,10,-1,0,0,7,1,-1,-1:0.38/2:0.62,25,2,6,-1:0.38/12:0.62,1,10,18,0,17,4,16,0,0:0.39/-1:0.38/1:0.023/2:0.023/39:0.023/9:0.023/11:0.023/14:0.023/16:0.023/19:0.023/21:0.023/23:0.023,0,2,36,8
