node,character_0
0,-1:0.000000/0:0.000000/1:1.000000
1,-1:0.000000/0:0.000000/1:1.000000
2,-1:0.000000/0:0.000000/1:1.000000
3,-1:0.000000/0:0.467007/1:0.532993
4,-1:0.000000/0:0.048177/1:0.951823
