node,character_0
a,-1:0.000000/0:0.000000/1:1.000000
b,-1:0.000000/0:1.000000/1:0.000000
c,-1:0.000000/0:1.000000/1:0.000000
internal_3,-1:0.000000/0:1.000000/1:0.000000
internal_4,-1:0.000000/0:1.000000/1:0.000000
