node,character_0,character_1
a,-1:0.000000/0:0.000000/1:1.000000/2:0.000000/3:0.000000,-1:0.000000/0:0.000000/1:1.000000/2:0.000000/3:0.000000
b,-1:0.000000/0:0.000000/1:1.000000/2:0.000000/3:0.000000,-1:0.067798/0:0.000147/1:0.917663/2:0.007196/3:0.007196
c,-1:0.000000/0:0.000000/1:1.000000/2:0.000000/3:0.000000,-1:0.049418/0:0.002962/1:0.878618/2:0.034501/3:0.034501
internal_3,-1:0.000000/0:0.033986/1:0.966014/2:0.000000/3:0.000000,-1:0.000000/0:0.112001/1:0.887999/2:0.000000/3:0.000000
internal_4,-1:0.000000/0:0.002721/1:0.997279/2:0.000000/3:0.000000,-1:0.000000/0:0.023315/1:0.976685/2:0.000000/3:0.000000
